 Af_id:109,Af_nev:Judit Ház,Af_orszag:1,Af_telepules:952,Foto_id:1044,Af_varosNev:Hajdúszoboszló,
Af_id:109,Af_nev:Judit Ház,Af_orszag:1,Af_telepules:952,Foto_id:1043,Af_varosNev:Hajdúszoboszló,
Af_id:109,Af_nev:Judit Ház,Af_orszag:1,Af_telepules:952,Foto_id:1042,Af_varosNev:Hajdúszoboszló,
Af_id:109,Af_nev:Judit Ház,Af_orszag:1,Af_telepules:952,Foto_id:1041,Af_varosNev:Hajdúszoboszló,
Af_id:109,Af_nev:Judit Ház,Af_orszag:1,Af_telepules:952,Foto_id:1040,Af_varosNev:Hajdúszoboszló,
Af_id:110,Af_nev:Emese Apartman,Af_orszag:1,Af_telepules:952,Foto_id:1039,Af_varosNev:Hajdúszoboszló,
Af_id:110,Af_nev:Emese Apartman,Af_orszag:1,Af_telepules:952,Foto_id:1038,Af_varosNev:Hajdúszoboszló,
Af_id:4,Af_nev:Járja Panzió***,Af_orszag:1,Af_telepules:952,Foto_id:18,Af_varosNev:Hajdúszoboszló,
Af_id:4,Af_nev:Járja Panzió***,Af_orszag:1,Af_telepules:952,Foto_id:19,Af_varosNev:Hajdúszoboszló,
Af_id:4,Af_nev:Járja Panzió***,Af_orszag:1,Af_telepules:952,Foto_id:20,Af_varosNev:Hajdúszoboszló,
Af_id:4,Af_nev:Járja Panzió***,Af_orszag:1,Af_telepules:952,Foto_id:22,Af_varosNev:Hajdúszoboszló,
Af_id:4,Af_nev:Járja Panzió***,Af_orszag:1,Af_telepules:952,Foto_id:23,Af_varosNev:Hajdúszoboszló,
Af_id:6,Af_nev:Hotel Napsugár***,Af_orszag:1,Af_telepules:952,Foto_id:24,Af_varosNev:Hajdúszoboszló,
Af_id:6,Af_nev:Hotel Napsugár***,Af_orszag:1,Af_telepules:952,Foto_id:25,Af_varosNev:Hajdúszoboszló,
Af_id:6,Af_nev:Hotel Napsugár***,Af_orszag:1,Af_telepules:952,Foto_id:26,Af_varosNev:Hajdúszoboszló,
Af_id:6,Af_nev:Hotel Napsugár***,Af_orszag:1,Af_telepules:952,Foto_id:27,Af_varosNev:Hajdúszoboszló,
Af_id:6,Af_nev:Hotel Napsugár***,Af_orszag:1,Af_telepules:952,Foto_id:28,Af_varosNev:Hajdúszoboszló,
Af_id:6,Af_nev:Hotel Napsugár***,Af_orszag:1,Af_telepules:952,Foto_id:29,Af_varosNev:Hajdúszoboszló,
Af_id:6,Af_nev:Hotel Napsugár***,Af_orszag:1,Af_telepules:952,Foto_id:30,Af_varosNev:Hajdúszoboszló,
Af_id:6,Af_nev:Hotel Napsugár***,Af_orszag:1,Af_telepules:952,Foto_id:31,Af_varosNev:Hajdúszoboszló,
Af_id:6,Af_nev:Hotel Napsugár***,Af_orszag:1,Af_telepules:952,Foto_id:32,Af_varosNev:Hajdúszoboszló,
Af_id:6,Af_nev:Hotel Napsugár***,Af_orszag:1,Af_telepules:952,Foto_id:33,Af_varosNev:Hajdúszoboszló,
Af_id:3,Af_nev:Airport Panzió***,Af_orszag:1,Af_telepules:952,Foto_id:34,Af_varosNev:Hajdúszoboszló,
Af_id:3,Af_nev:Airport Panzió***,Af_orszag:1,Af_telepules:952,Foto_id:35,Af_varosNev:Hajdúszoboszló,
Af_id:3,Af_nev:Airport Panzió***,Af_orszag:1,Af_telepules:952,Foto_id:36,Af_varosNev:Hajdúszoboszló,
Af_id:3,Af_nev:Airport Panzió***,Af_orszag:1,Af_telepules:952,Foto_id:37,Af_varosNev:Hajdúszoboszló,
Af_id:3,Af_nev:Airport Panzió***,Af_orszag:1,Af_telepules:952,Foto_id:38,Af_varosNev:Hajdúszoboszló,
Af_id:3,Af_nev:Airport Panzió***,Af_orszag:1,Af_telepules:952,Foto_id:39,Af_varosNev:Hajdúszoboszló,
Af_id:3,Af_nev:Airport Panzió***,Af_orszag:1,Af_telepules:952,Foto_id:40,Af_varosNev:Hajdúszoboszló,
Af_id:6,Af_nev:Hotel Napsugár***,Af_orszag:1,Af_telepules:952,Foto_id:41,Af_varosNev:Hajdúszoboszló,
Af_id:6,Af_nev:Hotel Napsugár***,Af_orszag:1,Af_telepules:952,Foto_id:42,Af_varosNev:Hajdúszoboszló,
Af_id:6,Af_nev:Hotel Napsugár***,Af_orszag:1,Af_telepules:952,Foto_id:43,Af_varosNev:Hajdúszoboszló,
Af_id:6,Af_nev:Hotel Napsugár***,Af_orszag:1,Af_telepules:952,Foto_id:44,Af_varosNev:Hajdúszoboszló,
Af_id:6,Af_nev:Hotel Napsugár***,Af_orszag:1,Af_telepules:952,Foto_id:45,Af_varosNev:Hajdúszoboszló,
Af_id:6,Af_nev:Hotel Napsugár***,Af_orszag:1,Af_telepules:952,Foto_id:46,Af_varosNev:Hajdúszoboszló,
Af_id:6,Af_nev:Hotel Napsugár***,Af_orszag:1,Af_telepules:952,Foto_id:47,Af_varosNev:Hajdúszoboszló,
Af_id:6,Af_nev:Hotel Napsugár***,Af_orszag:1,Af_telepules:952,Foto_id:48,Af_varosNev:Hajdúszoboszló,
Af_id:6,Af_nev:Hotel Napsugár***,Af_orszag:1,Af_telepules:952,Foto_id:49,Af_varosNev:Hajdúszoboszló,
Af_id:6,Af_nev:Hotel Napsugár***,Af_orszag:1,Af_telepules:952,Foto_id:50,Af_varosNev:Hajdúszoboszló,
Af_id:6,Af_nev:Hotel Napsugár***,Af_orszag:1,Af_telepules:952,Foto_id:51,Af_varosNev:Hajdúszoboszló,
Af_id:6,Af_nev:Hotel Napsugár***,Af_orszag:1,Af_telepules:952,Foto_id:52,Af_varosNev:Hajdúszoboszló,
Af_id:11,Af_nev:Csomád Panzió**,Af_orszag:2,Af_telepules:3476,Foto_id:77,Af_varosNev:Baile Tusnad,
Af_id:11,Af_nev:Csomád Panzió**,Af_orszag:2,Af_telepules:3476,Foto_id:78,Af_varosNev:Baile Tusnad,
Af_id:11,Af_nev:Csomád Panzió**,Af_orszag:2,Af_telepules:3476,Foto_id:79,Af_varosNev:Baile Tusnad,
Af_id:11,Af_nev:Csomád Panzió**,Af_orszag:2,Af_telepules:3476,Foto_id:80,Af_varosNev:Baile Tusnad,
Af_id:149,Af_nev:Corvus Hotel Bük***,Af_orszag:1,Af_telepules:400,Foto_id:1430,Af_varosNev:Bük,
Af_id:149,Af_nev:Corvus Hotel Bük***,Af_orszag:1,Af_telepules:400,Foto_id:1429,Af_varosNev:Bük,
Af_id:149,Af_nev:Corvus Hotel Bük***,Af_orszag:1,Af_telepules:400,Foto_id:1428,Af_varosNev:Bük,
Af_id:149,Af_nev:Corvus Hotel Bük***,Af_orszag:1,Af_telepules:400,Foto_id:1427,Af_varosNev:Bük,
Af_id:149,Af_nev:Corvus Hotel Bük***,Af_orszag:1,Af_telepules:400,Foto_id:1426,Af_varosNev:Bük,
Af_id:149,Af_nev:Corvus Hotel Bük***,Af_orszag:1,Af_telepules:400,Foto_id:1425,Af_varosNev:Bük,
Af_id:149,Af_nev:Corvus Hotel Bük***,Af_orszag:1,Af_telepules:400,Foto_id:1424,Af_varosNev:Bük,
Af_id:148,Af_nev:Wolf Hotel és Panzió,Af_orszag:1,Af_telepules:2381,Foto_id:1423,Af_varosNev:Sárvár,
Af_id:89,Af_nev:Hotel Caramell**** Bükfürdo,Af_orszag:1,Af_telepules:400,Foto_id:1021,Af_varosNev:Bük,
Af_id:89,Af_nev:Hotel Caramell**** Bükfürdo,Af_orszag:1,Af_telepules:400,Foto_id:1020,Af_varosNev:Bük,
Af_id:89,Af_nev:Hotel Caramell**** Bükfürdo,Af_orszag:1,Af_telepules:400,Foto_id:1019,Af_varosNev:Bük,
Af_id:55,Af_nev:Kemencés Panzió,Af_orszag:1,Af_telepules:952,Foto_id:1018,Af_varosNev:Hajdúszoboszló,
Af_id:55,Af_nev:Kemencés Panzió,Af_orszag:1,Af_telepules:952,Foto_id:1017,Af_varosNev:Hajdúszoboszló,
Af_id:55,Af_nev:Kemencés Panzió,Af_orszag:1,Af_telepules:952,Foto_id:1016,Af_varosNev:Hajdúszoboszló,
Af_id:55,Af_nev:Kemencés Panzió,Af_orszag:1,Af_telepules:952,Foto_id:1015,Af_varosNev:Hajdúszoboszló,
Af_id:53,Af_nev:Hungarospa Thermal Hotel,Af_orszag:1,Af_telepules:952,Foto_id:1013,Af_varosNev:Hajdúszoboszló,
Af_id:17,Af_nev:Hotel In***,Af_orszag:1,Af_telepules:952,Foto_id:1010,Af_varosNev:Hajdúszoboszló,
Af_id:53,Af_nev:Hungarospa Thermal Hotel,Af_orszag:1,Af_telepules:952,Foto_id:1014,Af_varosNev:Hajdúszoboszló,
Af_id:17,Af_nev:Hotel In***,Af_orszag:1,Af_telepules:952,Foto_id:1011,Af_varosNev:Hajdúszoboszló,
Af_id:53,Af_nev:Hungarospa Thermal Hotel,Af_orszag:1,Af_telepules:952,Foto_id:1012,Af_varosNev:Hajdúszoboszló,
Af_id:16,Af_nev:Hotel Aurum****,Af_orszag:1,Af_telepules:952,Foto_id:128,Af_varosNev:Hajdúszoboszló,
Af_id:16,Af_nev:Hotel Aurum****,Af_orszag:1,Af_telepules:952,Foto_id:129,Af_varosNev:Hajdúszoboszló,
Af_id:16,Af_nev:Hotel Aurum****,Af_orszag:1,Af_telepules:952,Foto_id:130,Af_varosNev:Hajdúszoboszló,
Af_id:16,Af_nev:Hotel Aurum****,Af_orszag:1,Af_telepules:952,Foto_id:131,Af_varosNev:Hajdúszoboszló,
Af_id:16,Af_nev:Hotel Aurum****,Af_orszag:1,Af_telepules:952,Foto_id:132,Af_varosNev:Hajdúszoboszló,
Af_id:16,Af_nev:Hotel Aurum****,Af_orszag:1,Af_telepules:952,Foto_id:133,Af_varosNev:Hajdúszoboszló,
Af_id:16,Af_nev:Hotel Aurum****,Af_orszag:1,Af_telepules:952,Foto_id:134,Af_varosNev:Hajdúszoboszló,
Af_id:17,Af_nev:Hotel In***,Af_orszag:1,Af_telepules:952,Foto_id:135,Af_varosNev:Hajdúszoboszló,
Af_id:17,Af_nev:Hotel In***,Af_orszag:1,Af_telepules:952,Foto_id:136,Af_varosNev:Hajdúszoboszló,
Af_id:17,Af_nev:Hotel In***,Af_orszag:1,Af_telepules:952,Foto_id:137,Af_varosNev:Hajdúszoboszló,
Af_id:17,Af_nev:Hotel In***,Af_orszag:1,Af_telepules:952,Foto_id:138,Af_varosNev:Hajdúszoboszló,
Af_id:18,Af_nev:Park Hotel Ambrózia***,Af_orszag:1,Af_telepules:952,Foto_id:139,Af_varosNev:Hajdúszoboszló,
Af_id:18,Af_nev:Park Hotel Ambrózia***,Af_orszag:1,Af_telepules:952,Foto_id:140,Af_varosNev:Hajdúszoboszló,
Af_id:18,Af_nev:Park Hotel Ambrózia***,Af_orszag:1,Af_telepules:952,Foto_id:141,Af_varosNev:Hajdúszoboszló,
Af_id:18,Af_nev:Park Hotel Ambrózia***,Af_orszag:1,Af_telepules:952,Foto_id:142,Af_varosNev:Hajdúszoboszló,
Af_id:18,Af_nev:Park Hotel Ambrózia***,Af_orszag:1,Af_telepules:952,Foto_id:143,Af_varosNev:Hajdúszoboszló,
Af_id:18,Af_nev:Park Hotel Ambrózia***,Af_orszag:1,Af_telepules:952,Foto_id:144,Af_varosNev:Hajdúszoboszló,
Af_id:18,Af_nev:Park Hotel Ambrózia***,Af_orszag:1,Af_telepules:952,Foto_id:145,Af_varosNev:Hajdúszoboszló,
Af_id:18,Af_nev:Park Hotel Ambrózia***,Af_orszag:1,Af_telepules:952,Foto_id:146,Af_varosNev:Hajdúszoboszló,
Af_id:18,Af_nev:Park Hotel Ambrózia***,Af_orszag:1,Af_telepules:952,Foto_id:147,Af_varosNev:Hajdúszoboszló,
Af_id:143,Af_nev:Vila Crinul,Af_orszag:2,Af_telepules:3154,Foto_id:1388,Af_varosNev:1 Decembrie,
Af_id:143,Af_nev:Vila Crinul,Af_orszag:2,Af_telepules:3154,Foto_id:1387,Af_varosNev:1 Decembrie,
Af_id:143,Af_nev:Vila Crinul,Af_orszag:2,Af_telepules:3154,Foto_id:1386,Af_varosNev:1 Decembrie,
Af_id:143,Af_nev:Vila Crinul,Af_orszag:2,Af_telepules:3154,Foto_id:1385,Af_varosNev:1 Decembrie,
Af_id:143,Af_nev:Vila Crinul,Af_orszag:2,Af_telepules:3154,Foto_id:1384,Af_varosNev:1 Decembrie,
Af_id:143,Af_nev:Vila Crinul,Af_orszag:2,Af_telepules:3154,Foto_id:1383,Af_varosNev:1 Decembrie,
Af_id:142,Af_nev:Wellness & Spa Hotel Perla,Af_orszag:2,Af_telepules:8175,Foto_id:1382,Af_varosNev:Oradea,
Af_id:142,Af_nev:Wellness & Spa Hotel Perla,Af_orszag:2,Af_telepules:8175,Foto_id:1381,Af_varosNev:Oradea,
Af_id:142,Af_nev:Wellness & Spa Hotel Perla,Af_orszag:2,Af_telepules:8175,Foto_id:1380,Af_varosNev:Oradea,
Af_id:142,Af_nev:Wellness & Spa Hotel Perla,Af_orszag:2,Af_telepules:8175,Foto_id:1379,Af_varosNev:Oradea,
Af_id:142,Af_nev:Wellness & Spa Hotel Perla,Af_orszag:2,Af_telepules:8175,Foto_id:1378,Af_varosNev:Oradea,
Af_id:142,Af_nev:Wellness & Spa Hotel Perla,Af_orszag:2,Af_telepules:8175,Foto_id:1377,Af_varosNev:Oradea,
Af_id:142,Af_nev:Wellness & Spa Hotel Perla,Af_orszag:2,Af_telepules:8175,Foto_id:1376,Af_varosNev:Oradea,
Af_id:142,Af_nev:Wellness & Spa Hotel Perla,Af_orszag:2,Af_telepules:8175,Foto_id:1375,Af_varosNev:Oradea,
Af_id:142,Af_nev:Wellness & Spa Hotel Perla,Af_orszag:2,Af_telepules:8175,Foto_id:1374,Af_varosNev:Oradea,
Af_id:99,Af_nev:Kurucz Apartman,Af_orszag:1,Af_telepules:952,Foto_id:1412,Af_varosNev:Hajdúszoboszló,
Af_id:142,Af_nev:Wellness & Spa Hotel Perla,Af_orszag:2,Af_telepules:8175,Foto_id:1373,Af_varosNev:Oradea,
Af_id:142,Af_nev:Wellness & Spa Hotel Perla,Af_orszag:2,Af_telepules:8175,Foto_id:1372,Af_varosNev:Oradea,
Af_id:142,Af_nev:Wellness & Spa Hotel Perla,Af_orszag:2,Af_telepules:8175,Foto_id:1371,Af_varosNev:Oradea,
Af_id:142,Af_nev:Wellness & Spa Hotel Perla,Af_orszag:2,Af_telepules:8175,Foto_id:1370,Af_varosNev:Oradea,
Af_id:32,Af_nev:Family Clubhotel****,Af_orszag:1,Af_telepules:952,Foto_id:227,Af_varosNev:Hajdúszoboszló,
Af_id:142,Af_nev:Wellness & Spa Hotel Perla,Af_orszag:2,Af_telepules:8175,Foto_id:1369,Af_varosNev:Oradea,
Af_id:32,Af_nev:Family Clubhotel****,Af_orszag:1,Af_telepules:952,Foto_id:226,Af_varosNev:Hajdúszoboszló,
Af_id:32,Af_nev:Family Clubhotel****,Af_orszag:1,Af_telepules:952,Foto_id:225,Af_varosNev:Hajdúszoboszló,
Af_id:142,Af_nev:Wellness & Spa Hotel Perla,Af_orszag:2,Af_telepules:8175,Foto_id:1368,Af_varosNev:Oradea,
Af_id:32,Af_nev:Family Clubhotel****,Af_orszag:1,Af_telepules:952,Foto_id:224,Af_varosNev:Hajdúszoboszló,
Af_id:55,Af_nev:Kemencés Panzió,Af_orszag:1,Af_telepules:952,Foto_id:378,Af_varosNev:Hajdúszoboszló,
Af_id:55,Af_nev:Kemencés Panzió,Af_orszag:1,Af_telepules:952,Foto_id:377,Af_varosNev:Hajdúszoboszló,
Af_id:142,Af_nev:Wellness & Spa Hotel Perla,Af_orszag:2,Af_telepules:8175,Foto_id:1367,Af_varosNev:Oradea,
Af_id:142,Af_nev:Wellness & Spa Hotel Perla,Af_orszag:2,Af_telepules:8175,Foto_id:1344,Af_varosNev:Oradea,
Af_id:142,Af_nev:Wellness & Spa Hotel Perla,Af_orszag:2,Af_telepules:8175,Foto_id:1343,Af_varosNev:Oradea,
Af_id:32,Af_nev:Family Clubhotel****,Af_orszag:1,Af_telepules:952,Foto_id:228,Af_varosNev:Hajdúszoboszló,
Af_id:53,Af_nev:Hungarospa Thermal Hotel,Af_orszag:1,Af_telepules:952,Foto_id:358,Af_varosNev:Hajdúszoboszló,
Af_id:142,Af_nev:Wellness & Spa Hotel Perla,Af_orszag:2,Af_telepules:8175,Foto_id:1366,Af_varosNev:Oradea,
Af_id:32,Af_nev:Family Clubhotel****,Af_orszag:1,Af_telepules:952,Foto_id:229,Af_varosNev:Hajdúszoboszló,
Af_id:32,Af_nev:Family Clubhotel****,Af_orszag:1,Af_telepules:952,Foto_id:230,Af_varosNev:Hajdúszoboszló,
Af_id:32,Af_nev:Family Clubhotel****,Af_orszag:1,Af_telepules:952,Foto_id:231,Af_varosNev:Hajdúszoboszló,
Af_id:32,Af_nev:Family Clubhotel****,Af_orszag:1,Af_telepules:952,Foto_id:232,Af_varosNev:Hajdúszoboszló,
Af_id:32,Af_nev:Family Clubhotel****,Af_orszag:1,Af_telepules:952,Foto_id:233,Af_varosNev:Hajdúszoboszló,
Af_id:32,Af_nev:Family Clubhotel****,Af_orszag:1,Af_telepules:952,Foto_id:234,Af_varosNev:Hajdúszoboszló,
Af_id:32,Af_nev:Family Clubhotel****,Af_orszag:1,Af_telepules:952,Foto_id:235,Af_varosNev:Hajdúszoboszló,
Af_id:32,Af_nev:Family Clubhotel****,Af_orszag:1,Af_telepules:952,Foto_id:236,Af_varosNev:Hajdúszoboszló,
Af_id:32,Af_nev:Family Clubhotel****,Af_orszag:1,Af_telepules:952,Foto_id:237,Af_varosNev:Hajdúszoboszló,
Af_id:32,Af_nev:Family Clubhotel****,Af_orszag:1,Af_telepules:952,Foto_id:238,Af_varosNev:Hajdúszoboszló,
Af_id:32,Af_nev:Family Clubhotel****,Af_orszag:1,Af_telepules:952,Foto_id:239,Af_varosNev:Hajdúszoboszló,
Af_id:89,Af_nev:Hotel Caramell**** Bükfürdo,Af_orszag:1,Af_telepules:400,Foto_id:814,Af_varosNev:Bük,
Af_id:39,Af_nev:Dóra Vendégház,Af_orszag:1,Af_telepules:952,Foto_id:282,Af_varosNev:Hajdúszoboszló,
Af_id:35,Af_nev:Evus Apartman,Af_orszag:1,Af_telepules:952,Foto_id:243,Af_varosNev:Hajdúszoboszló,
Af_id:35,Af_nev:Evus Apartman,Af_orszag:1,Af_telepules:952,Foto_id:244,Af_varosNev:Hajdúszoboszló,
Af_id:35,Af_nev:Evus Apartman,Af_orszag:1,Af_telepules:952,Foto_id:246,Af_varosNev:Hajdúszoboszló,
Af_id:35,Af_nev:Evus Apartman,Af_orszag:1,Af_telepules:952,Foto_id:247,Af_varosNev:Hajdúszoboszló,
Af_id:36,Af_nev:Lucky House Apartmanok,Af_orszag:1,Af_telepules:952,Foto_id:255,Af_varosNev:Hajdúszoboszló,
Af_id:35,Af_nev:Evus Apartman,Af_orszag:1,Af_telepules:952,Foto_id:251,Af_varosNev:Hajdúszoboszló,
Af_id:36,Af_nev:Lucky House Apartmanok,Af_orszag:1,Af_telepules:952,Foto_id:256,Af_varosNev:Hajdúszoboszló,
Af_id:36,Af_nev:Lucky House Apartmanok,Af_orszag:1,Af_telepules:952,Foto_id:257,Af_varosNev:Hajdúszoboszló,
Af_id:39,Af_nev:Dóra Vendégház,Af_orszag:1,Af_telepules:952,Foto_id:281,Af_varosNev:Hajdúszoboszló,
Af_id:36,Af_nev:Lucky House Apartmanok,Af_orszag:1,Af_telepules:952,Foto_id:260,Af_varosNev:Hajdúszoboszló,
Af_id:36,Af_nev:Lucky House Apartmanok,Af_orszag:1,Af_telepules:952,Foto_id:261,Af_varosNev:Hajdúszoboszló,
Af_id:36,Af_nev:Lucky House Apartmanok,Af_orszag:1,Af_telepules:952,Foto_id:262,Af_varosNev:Hajdúszoboszló,
Af_id:36,Af_nev:Lucky House Apartmanok,Af_orszag:1,Af_telepules:952,Foto_id:263,Af_varosNev:Hajdúszoboszló,
Af_id:36,Af_nev:Lucky House Apartmanok,Af_orszag:1,Af_telepules:952,Foto_id:264,Af_varosNev:Hajdúszoboszló,
Af_id:36,Af_nev:Lucky House Apartmanok,Af_orszag:1,Af_telepules:952,Foto_id:265,Af_varosNev:Hajdúszoboszló,
Af_id:36,Af_nev:Lucky House Apartmanok,Af_orszag:1,Af_telepules:952,Foto_id:266,Af_varosNev:Hajdúszoboszló,
Af_id:36,Af_nev:Lucky House Apartmanok,Af_orszag:1,Af_telepules:952,Foto_id:267,Af_varosNev:Hajdúszoboszló,
Af_id:36,Af_nev:Lucky House Apartmanok,Af_orszag:1,Af_telepules:952,Foto_id:268,Af_varosNev:Hajdúszoboszló,
Af_id:36,Af_nev:Lucky House Apartmanok,Af_orszag:1,Af_telepules:952,Foto_id:269,Af_varosNev:Hajdúszoboszló,
Af_id:36,Af_nev:Lucky House Apartmanok,Af_orszag:1,Af_telepules:952,Foto_id:270,Af_varosNev:Hajdúszoboszló,
Af_id:36,Af_nev:Lucky House Apartmanok,Af_orszag:1,Af_telepules:952,Foto_id:271,Af_varosNev:Hajdúszoboszló,
Af_id:36,Af_nev:Lucky House Apartmanok,Af_orszag:1,Af_telepules:952,Foto_id:272,Af_varosNev:Hajdúszoboszló,
Af_id:36,Af_nev:Lucky House Apartmanok,Af_orszag:1,Af_telepules:952,Foto_id:273,Af_varosNev:Hajdúszoboszló,
Af_id:36,Af_nev:Lucky House Apartmanok,Af_orszag:1,Af_telepules:952,Foto_id:274,Af_varosNev:Hajdúszoboszló,
Af_id:36,Af_nev:Lucky House Apartmanok,Af_orszag:1,Af_telepules:952,Foto_id:275,Af_varosNev:Hajdúszoboszló,
Af_id:36,Af_nev:Lucky House Apartmanok,Af_orszag:1,Af_telepules:952,Foto_id:276,Af_varosNev:Hajdúszoboszló,
Af_id:36,Af_nev:Lucky House Apartmanok,Af_orszag:1,Af_telepules:952,Foto_id:277,Af_varosNev:Hajdúszoboszló,
Af_id:36,Af_nev:Lucky House Apartmanok,Af_orszag:1,Af_telepules:952,Foto_id:278,Af_varosNev:Hajdúszoboszló,
Af_id:36,Af_nev:Lucky House Apartmanok,Af_orszag:1,Af_telepules:952,Foto_id:279,Af_varosNev:Hajdúszoboszló,
Af_id:39,Af_nev:Dóra Vendégház,Af_orszag:1,Af_telepules:952,Foto_id:283,Af_varosNev:Hajdúszoboszló,
Af_id:39,Af_nev:Dóra Vendégház,Af_orszag:1,Af_telepules:952,Foto_id:284,Af_varosNev:Hajdúszoboszló,
Af_id:39,Af_nev:Dóra Vendégház,Af_orszag:1,Af_telepules:952,Foto_id:285,Af_varosNev:Hajdúszoboszló,
Af_id:39,Af_nev:Dóra Vendégház,Af_orszag:1,Af_telepules:952,Foto_id:286,Af_varosNev:Hajdúszoboszló,
Af_id:142,Af_nev:Wellness & Spa Hotel Perla,Af_orszag:2,Af_telepules:8175,Foto_id:1365,Af_varosNev:Oradea,
Af_id:39,Af_nev:Dóra Vendégház,Af_orszag:1,Af_telepules:952,Foto_id:288,Af_varosNev:Hajdúszoboszló,
Af_id:39,Af_nev:Dóra Vendégház,Af_orszag:1,Af_telepules:952,Foto_id:290,Af_varosNev:Hajdúszoboszló,
Af_id:142,Af_nev:Wellness & Spa Hotel Perla,Af_orszag:2,Af_telepules:8175,Foto_id:1364,Af_varosNev:Oradea,
Af_id:142,Af_nev:Wellness & Spa Hotel Perla,Af_orszag:2,Af_telepules:8175,Foto_id:1363,Af_varosNev:Oradea,
Af_id:142,Af_nev:Wellness & Spa Hotel Perla,Af_orszag:2,Af_telepules:8175,Foto_id:1362,Af_varosNev:Oradea,
Af_id:142,Af_nev:Wellness & Spa Hotel Perla,Af_orszag:2,Af_telepules:8175,Foto_id:1361,Af_varosNev:Oradea,
Af_id:142,Af_nev:Wellness & Spa Hotel Perla,Af_orszag:2,Af_telepules:8175,Foto_id:1360,Af_varosNev:Oradea,
Af_id:142,Af_nev:Wellness & Spa Hotel Perla,Af_orszag:2,Af_telepules:8175,Foto_id:1359,Af_varosNev:Oradea,
Af_id:145,Af_nev:Panoráma Apartmanhotel,Af_orszag:1,Af_telepules:952,Foto_id:1400,Af_varosNev:Hajdúszoboszló,
Af_id:145,Af_nev:Panoráma Apartmanhotel,Af_orszag:1,Af_telepules:952,Foto_id:1399,Af_varosNev:Hajdúszoboszló,
Af_id:145,Af_nev:Panoráma Apartmanhotel,Af_orszag:1,Af_telepules:952,Foto_id:1398,Af_varosNev:Hajdúszoboszló,
Af_id:145,Af_nev:Panoráma Apartmanhotel,Af_orszag:1,Af_telepules:952,Foto_id:1397,Af_varosNev:Hajdúszoboszló,
Af_id:145,Af_nev:Panoráma Apartmanhotel,Af_orszag:1,Af_telepules:952,Foto_id:1396,Af_varosNev:Hajdúszoboszló,
Af_id:145,Af_nev:Panoráma Apartmanhotel,Af_orszag:1,Af_telepules:952,Foto_id:1395,Af_varosNev:Hajdúszoboszló,
Af_id:144,Af_nev:Hotel Ködmön,Af_orszag:1,Af_telepules:660,Foto_id:1568,Af_varosNev:Eger,
Af_id:142,Af_nev:Wellness & Spa Hotel Perla,Af_orszag:2,Af_telepules:8175,Foto_id:1358,Af_varosNev:Oradea,
Af_id:142,Af_nev:Wellness & Spa Hotel Perla,Af_orszag:2,Af_telepules:8175,Foto_id:1357,Af_varosNev:Oradea,
Af_id:142,Af_nev:Wellness & Spa Hotel Perla,Af_orszag:2,Af_telepules:8175,Foto_id:1356,Af_varosNev:Oradea,
Af_id:142,Af_nev:Wellness & Spa Hotel Perla,Af_orszag:2,Af_telepules:8175,Foto_id:1355,Af_varosNev:Oradea,
Af_id:142,Af_nev:Wellness & Spa Hotel Perla,Af_orszag:2,Af_telepules:8175,Foto_id:1354,Af_varosNev:Oradea,
Af_id:46,Af_nev:Hotel Salvator,Af_orszag:2,Af_telepules:7639,Foto_id:316,Af_varosNev:Miercurea Ciuc,
Af_id:47,Af_nev:Ramada Resort Aquaworld,Af_orszag:1,Af_telepules:393,Foto_id:324,Af_varosNev:Budapest,
Af_id:46,Af_nev:Hotel Salvator,Af_orszag:2,Af_telepules:7639,Foto_id:318,Af_varosNev:Miercurea Ciuc,
Af_id:142,Af_nev:Wellness & Spa Hotel Perla,Af_orszag:2,Af_telepules:8175,Foto_id:1353,Af_varosNev:Oradea,
Af_id:142,Af_nev:Wellness & Spa Hotel Perla,Af_orszag:2,Af_telepules:8175,Foto_id:1352,Af_varosNev:Oradea,
Af_id:142,Af_nev:Wellness & Spa Hotel Perla,Af_orszag:2,Af_telepules:8175,Foto_id:1351,Af_varosNev:Oradea,
Af_id:142,Af_nev:Wellness & Spa Hotel Perla,Af_orszag:2,Af_telepules:8175,Foto_id:1350,Af_varosNev:Oradea,
Af_id:142,Af_nev:Wellness & Spa Hotel Perla,Af_orszag:2,Af_telepules:8175,Foto_id:1349,Af_varosNev:Oradea,
Af_id:47,Af_nev:Ramada Resort Aquaworld,Af_orszag:1,Af_telepules:393,Foto_id:325,Af_varosNev:Budapest,
Af_id:47,Af_nev:Ramada Resort Aquaworld,Af_orszag:1,Af_telepules:393,Foto_id:326,Af_varosNev:Budapest,
Af_id:142,Af_nev:Wellness & Spa Hotel Perla,Af_orszag:2,Af_telepules:8175,Foto_id:1348,Af_varosNev:Oradea,
Af_id:47,Af_nev:Ramada Resort Aquaworld,Af_orszag:1,Af_telepules:393,Foto_id:328,Af_varosNev:Budapest,
Af_id:47,Af_nev:Ramada Resort Aquaworld,Af_orszag:1,Af_telepules:393,Foto_id:329,Af_varosNev:Budapest,
Af_id:47,Af_nev:Ramada Resort Aquaworld,Af_orszag:1,Af_telepules:393,Foto_id:330,Af_varosNev:Budapest,
Af_id:47,Af_nev:Ramada Resort Aquaworld,Af_orszag:1,Af_telepules:393,Foto_id:331,Af_varosNev:Budapest,
Af_id:47,Af_nev:Ramada Resort Aquaworld,Af_orszag:1,Af_telepules:393,Foto_id:332,Af_varosNev:Budapest,
Af_id:47,Af_nev:Ramada Resort Aquaworld,Af_orszag:1,Af_telepules:393,Foto_id:333,Af_varosNev:Budapest,
Af_id:47,Af_nev:Ramada Resort Aquaworld,Af_orszag:1,Af_telepules:393,Foto_id:334,Af_varosNev:Budapest,
Af_id:47,Af_nev:Ramada Resort Aquaworld,Af_orszag:1,Af_telepules:393,Foto_id:335,Af_varosNev:Budapest,
Af_id:47,Af_nev:Ramada Resort Aquaworld,Af_orszag:1,Af_telepules:393,Foto_id:336,Af_varosNev:Budapest,
Af_id:47,Af_nev:Ramada Resort Aquaworld,Af_orszag:1,Af_telepules:393,Foto_id:337,Af_varosNev:Budapest,
Af_id:47,Af_nev:Ramada Resort Aquaworld,Af_orszag:1,Af_telepules:393,Foto_id:338,Af_varosNev:Budapest,
Af_id:47,Af_nev:Ramada Resort Aquaworld,Af_orszag:1,Af_telepules:393,Foto_id:339,Af_varosNev:Budapest,
Af_id:47,Af_nev:Ramada Resort Aquaworld,Af_orszag:1,Af_telepules:393,Foto_id:340,Af_varosNev:Budapest,
Af_id:47,Af_nev:Ramada Resort Aquaworld,Af_orszag:1,Af_telepules:393,Foto_id:341,Af_varosNev:Budapest,
Af_id:47,Af_nev:Ramada Resort Aquaworld,Af_orszag:1,Af_telepules:393,Foto_id:342,Af_varosNev:Budapest,
Af_id:47,Af_nev:Ramada Resort Aquaworld,Af_orszag:1,Af_telepules:393,Foto_id:343,Af_varosNev:Budapest,
Af_id:47,Af_nev:Ramada Resort Aquaworld,Af_orszag:1,Af_telepules:393,Foto_id:344,Af_varosNev:Budapest,
Af_id:47,Af_nev:Ramada Resort Aquaworld,Af_orszag:1,Af_telepules:393,Foto_id:345,Af_varosNev:Budapest,
Af_id:47,Af_nev:Ramada Resort Aquaworld,Af_orszag:1,Af_telepules:393,Foto_id:346,Af_varosNev:Budapest,
Af_id:142,Af_nev:Wellness & Spa Hotel Perla,Af_orszag:2,Af_telepules:8175,Foto_id:1347,Af_varosNev:Oradea,
Af_id:142,Af_nev:Wellness & Spa Hotel Perla,Af_orszag:2,Af_telepules:8175,Foto_id:1346,Af_varosNev:Oradea,
Af_id:142,Af_nev:Wellness & Spa Hotel Perla,Af_orszag:2,Af_telepules:8175,Foto_id:1342,Af_varosNev:Oradea,
Af_id:142,Af_nev:Wellness & Spa Hotel Perla,Af_orszag:2,Af_telepules:8175,Foto_id:1345,Af_varosNev:Oradea,
Af_id:53,Af_nev:Hungarospa Thermal Hotel,Af_orszag:1,Af_telepules:952,Foto_id:509,Af_varosNev:Hajdúszoboszló,
Af_id:53,Af_nev:Hungarospa Thermal Hotel,Af_orszag:1,Af_telepules:952,Foto_id:508,Af_varosNev:Hajdúszoboszló,
Af_id:53,Af_nev:Hungarospa Thermal Hotel,Af_orszag:1,Af_telepules:952,Foto_id:507,Af_varosNev:Hajdúszoboszló,
Af_id:142,Af_nev:Wellness & Spa Hotel Perla,Af_orszag:2,Af_telepules:8175,Foto_id:1341,Af_varosNev:Oradea,
Af_id:141,Af_nev:Haus Eintracht,Af_orszag:1,Af_telepules:952,Foto_id:1340,Af_varosNev:Hajdúszoboszló,
Af_id:90,Af_nev:Nagy Lak II vendégház,Af_orszag:2,Af_telepules:10096,Foto_id:822,Af_varosNev:Subcetate,
Af_id:90,Af_nev:Nagy Lak II vendégház,Af_orszag:2,Af_telepules:10096,Foto_id:821,Af_varosNev:Subcetate,
Af_id:90,Af_nev:Nagy Lak II vendégház,Af_orszag:2,Af_telepules:10096,Foto_id:820,Af_varosNev:Subcetate,
Af_id:90,Af_nev:Nagy Lak II vendégház,Af_orszag:2,Af_telepules:10096,Foto_id:819,Af_varosNev:Subcetate,
Af_id:90,Af_nev:Nagy Lak II vendégház,Af_orszag:2,Af_telepules:10096,Foto_id:818,Af_varosNev:Subcetate,
Af_id:90,Af_nev:Nagy Lak II vendégház,Af_orszag:2,Af_telepules:10096,Foto_id:817,Af_varosNev:Subcetate,
Af_id:89,Af_nev:Hotel Caramell**** Bükfürdo,Af_orszag:1,Af_telepules:400,Foto_id:816,Af_varosNev:Bük,
Af_id:89,Af_nev:Hotel Caramell**** Bükfürdo,Af_orszag:1,Af_telepules:400,Foto_id:815,Af_varosNev:Bük,
Af_id:55,Af_nev:Kemencés Panzió,Af_orszag:1,Af_telepules:952,Foto_id:379,Af_varosNev:Hajdúszoboszló,
Af_id:62,Af_nev:Hotel Continent,Af_orszag:1,Af_telepules:1965,Foto_id:527,Af_varosNev:Nyíregyháza,
Af_id:62,Af_nev:Hotel Continent,Af_orszag:1,Af_telepules:1965,Foto_id:526,Af_varosNev:Nyíregyháza,
Af_id:62,Af_nev:Hotel Continent,Af_orszag:1,Af_telepules:1965,Foto_id:525,Af_varosNev:Nyíregyháza,
Af_id:69,Af_nev:Klaudia Apartmanház,Af_orszag:1,Af_telepules:177,Foto_id:550,Af_varosNev:Balatongyörök,
Af_id:99,Af_nev:Kurucz Apartman,Af_orszag:1,Af_telepules:952,Foto_id:1411,Af_varosNev:Hajdúszoboszló,
Af_id:140,Af_nev:Aranyszarvas Vendégház,Af_orszag:1,Af_telepules:2637,Foto_id:1338,Af_varosNev:Szilvásvárad,
Af_id:140,Af_nev:Aranyszarvas Vendégház,Af_orszag:1,Af_telepules:2637,Foto_id:1337,Af_varosNev:Szilvásvárad,
Af_id:140,Af_nev:Aranyszarvas Vendégház,Af_orszag:1,Af_telepules:2637,Foto_id:1336,Af_varosNev:Szilvásvárad,
Af_id:140,Af_nev:Aranyszarvas Vendégház,Af_orszag:1,Af_telepules:2637,Foto_id:1335,Af_varosNev:Szilvásvárad,
Af_id:140,Af_nev:Aranyszarvas Vendégház,Af_orszag:1,Af_telepules:2637,Foto_id:1334,Af_varosNev:Szilvásvárad,
Af_id:56,Af_nev:Hotel Silver****Superior,Af_orszag:1,Af_telepules:952,Foto_id:488,Af_varosNev:Hajdúszoboszló,
Af_id:56,Af_nev:Hotel Silver****Superior,Af_orszag:1,Af_telepules:952,Foto_id:487,Af_varosNev:Hajdúszoboszló,
Af_id:56,Af_nev:Hotel Silver****Superior,Af_orszag:1,Af_telepules:952,Foto_id:1416,Af_varosNev:Hajdúszoboszló,
Af_id:56,Af_nev:Hotel Silver****Superior,Af_orszag:1,Af_telepules:952,Foto_id:1415,Af_varosNev:Hajdúszoboszló,
Af_id:140,Af_nev:Aranyszarvas Vendégház,Af_orszag:1,Af_telepules:2637,Foto_id:1333,Af_varosNev:Szilvásvárad,
Af_id:56,Af_nev:Hotel Silver****Superior,Af_orszag:1,Af_telepules:952,Foto_id:480,Af_varosNev:Hajdúszoboszló,
Af_id:56,Af_nev:Hotel Silver****Superior,Af_orszag:1,Af_telepules:952,Foto_id:1414,Af_varosNev:Hajdúszoboszló,
Af_id:56,Af_nev:Hotel Silver****Superior,Af_orszag:1,Af_telepules:952,Foto_id:478,Af_varosNev:Hajdúszoboszló,
Af_id:56,Af_nev:Hotel Silver****Superior,Af_orszag:1,Af_telepules:952,Foto_id:477,Af_varosNev:Hajdúszoboszló,
Af_id:56,Af_nev:Hotel Silver****Superior,Af_orszag:1,Af_telepules:952,Foto_id:476,Af_varosNev:Hajdúszoboszló,
Af_id:56,Af_nev:Hotel Silver****Superior,Af_orszag:1,Af_telepules:952,Foto_id:1413,Af_varosNev:Hajdúszoboszló,
Af_id:56,Af_nev:Hotel Silver****Superior,Af_orszag:1,Af_telepules:952,Foto_id:474,Af_varosNev:Hajdúszoboszló,
Af_id:57,Af_nev:HOTEL SZELETA,Af_orszag:1,Af_telepules:1738,Foto_id:410,Af_varosNev:Miskolc,
Af_id:57,Af_nev:HOTEL SZELETA,Af_orszag:1,Af_telepules:1738,Foto_id:411,Af_varosNev:Miskolc,
Af_id:57,Af_nev:HOTEL SZELETA,Af_orszag:1,Af_telepules:1738,Foto_id:412,Af_varosNev:Miskolc,
Af_id:57,Af_nev:HOTEL SZELETA,Af_orszag:1,Af_telepules:1738,Foto_id:413,Af_varosNev:Miskolc,
Af_id:57,Af_nev:HOTEL SZELETA,Af_orszag:1,Af_telepules:1738,Foto_id:414,Af_varosNev:Miskolc,
Af_id:57,Af_nev:HOTEL SZELETA,Af_orszag:1,Af_telepules:1738,Foto_id:415,Af_varosNev:Miskolc,
Af_id:57,Af_nev:HOTEL SZELETA,Af_orszag:1,Af_telepules:1738,Foto_id:416,Af_varosNev:Miskolc,
Af_id:57,Af_nev:HOTEL SZELETA,Af_orszag:1,Af_telepules:1738,Foto_id:417,Af_varosNev:Miskolc,
Af_id:57,Af_nev:HOTEL SZELETA,Af_orszag:1,Af_telepules:1738,Foto_id:418,Af_varosNev:Miskolc,
Af_id:57,Af_nev:HOTEL SZELETA,Af_orszag:1,Af_telepules:1738,Foto_id:419,Af_varosNev:Miskolc,
Af_id:57,Af_nev:HOTEL SZELETA,Af_orszag:1,Af_telepules:1738,Foto_id:420,Af_varosNev:Miskolc,
Af_id:57,Af_nev:HOTEL SZELETA,Af_orszag:1,Af_telepules:1738,Foto_id:421,Af_varosNev:Miskolc,
Af_id:57,Af_nev:HOTEL SZELETA,Af_orszag:1,Af_telepules:1738,Foto_id:422,Af_varosNev:Miskolc,
Af_id:46,Af_nev:Hotel Salvator,Af_orszag:2,Af_telepules:7639,Foto_id:423,Af_varosNev:Miercurea Ciuc,
Af_id:46,Af_nev:Hotel Salvator,Af_orszag:2,Af_telepules:7639,Foto_id:424,Af_varosNev:Miercurea Ciuc,
Af_id:46,Af_nev:Hotel Salvator,Af_orszag:2,Af_telepules:7639,Foto_id:425,Af_varosNev:Miercurea Ciuc,
Af_id:46,Af_nev:Hotel Salvator,Af_orszag:2,Af_telepules:7639,Foto_id:426,Af_varosNev:Miercurea Ciuc,
Af_id:46,Af_nev:Hotel Salvator,Af_orszag:2,Af_telepules:7639,Foto_id:427,Af_varosNev:Miercurea Ciuc,
Af_id:46,Af_nev:Hotel Salvator,Af_orszag:2,Af_telepules:7639,Foto_id:428,Af_varosNev:Miercurea Ciuc,
Af_id:46,Af_nev:Hotel Salvator,Af_orszag:2,Af_telepules:7639,Foto_id:429,Af_varosNev:Miercurea Ciuc,
Af_id:140,Af_nev:Aranyszarvas Vendégház,Af_orszag:1,Af_telepules:2637,Foto_id:1332,Af_varosNev:Szilvásvárad,
Af_id:99,Af_nev:Kurucz Apartman,Af_orszag:1,Af_telepules:952,Foto_id:1410,Af_varosNev:Hajdúszoboszló,
Af_id:149,Af_nev:Corvus Hotel Bük***,Af_orszag:1,Af_telepules:400,Foto_id:1436,Af_varosNev:Bük,
Af_id:149,Af_nev:Corvus Hotel Bük***,Af_orszag:1,Af_telepules:400,Foto_id:1435,Af_varosNev:Bük,
Af_id:149,Af_nev:Corvus Hotel Bük***,Af_orszag:1,Af_telepules:400,Foto_id:1434,Af_varosNev:Bük,
Af_id:149,Af_nev:Corvus Hotel Bük***,Af_orszag:1,Af_telepules:400,Foto_id:1433,Af_varosNev:Bük,
Af_id:149,Af_nev:Corvus Hotel Bük***,Af_orszag:1,Af_telepules:400,Foto_id:1432,Af_varosNev:Bük,
Af_id:149,Af_nev:Corvus Hotel Bük***,Af_orszag:1,Af_telepules:400,Foto_id:1431,Af_varosNev:Bük,
Af_id:144,Af_nev:Hotel Ködmön,Af_orszag:1,Af_telepules:660,Foto_id:1584,Af_varosNev:Eger,
Af_id:54,Af_nev:Duna Wellness Hotel***,Af_orszag:1,Af_telepules:128,Foto_id:463,Af_varosNev:Baja,
Af_id:54,Af_nev:Duna Wellness Hotel***,Af_orszag:1,Af_telepules:128,Foto_id:462,Af_varosNev:Baja,
Af_id:58,Af_nev:Kék Duna Wellness Hotel****,Af_orszag:1,Af_telepules:2258,Foto_id:448,Af_varosNev:Ráckeve,
Af_id:58,Af_nev:Kék Duna Wellness Hotel****,Af_orszag:1,Af_telepules:2258,Foto_id:449,Af_varosNev:Ráckeve,
Af_id:58,Af_nev:Kék Duna Wellness Hotel****,Af_orszag:1,Af_telepules:2258,Foto_id:450,Af_varosNev:Ráckeve,
Af_id:58,Af_nev:Kék Duna Wellness Hotel****,Af_orszag:1,Af_telepules:2258,Foto_id:451,Af_varosNev:Ráckeve,
Af_id:58,Af_nev:Kék Duna Wellness Hotel****,Af_orszag:1,Af_telepules:2258,Foto_id:453,Af_varosNev:Ráckeve,
Af_id:58,Af_nev:Kék Duna Wellness Hotel****,Af_orszag:1,Af_telepules:2258,Foto_id:454,Af_varosNev:Ráckeve,
Af_id:58,Af_nev:Kék Duna Wellness Hotel****,Af_orszag:1,Af_telepules:2258,Foto_id:1550,Af_varosNev:Ráckeve,
Af_id:58,Af_nev:Kék Duna Wellness Hotel****,Af_orszag:1,Af_telepules:2258,Foto_id:456,Af_varosNev:Ráckeve,
Af_id:58,Af_nev:Kék Duna Wellness Hotel****,Af_orszag:1,Af_telepules:2258,Foto_id:457,Af_varosNev:Ráckeve,
Af_id:58,Af_nev:Kék Duna Wellness Hotel****,Af_orszag:1,Af_telepules:2258,Foto_id:458,Af_varosNev:Ráckeve,
Af_id:58,Af_nev:Kék Duna Wellness Hotel****,Af_orszag:1,Af_telepules:2258,Foto_id:1549,Af_varosNev:Ráckeve,
Af_id:58,Af_nev:Kék Duna Wellness Hotel****,Af_orszag:1,Af_telepules:2258,Foto_id:1548,Af_varosNev:Ráckeve,
Af_id:58,Af_nev:Kék Duna Wellness Hotel****,Af_orszag:1,Af_telepules:2258,Foto_id:1547,Af_varosNev:Ráckeve,
Af_id:54,Af_nev:Duna Wellness Hotel***,Af_orszag:1,Af_telepules:128,Foto_id:464,Af_varosNev:Baja,
Af_id:54,Af_nev:Duna Wellness Hotel***,Af_orszag:1,Af_telepules:128,Foto_id:465,Af_varosNev:Baja,
Af_id:54,Af_nev:Duna Wellness Hotel***,Af_orszag:1,Af_telepules:128,Foto_id:466,Af_varosNev:Baja,
Af_id:54,Af_nev:Duna Wellness Hotel***,Af_orszag:1,Af_telepules:128,Foto_id:467,Af_varosNev:Baja,
Af_id:54,Af_nev:Duna Wellness Hotel***,Af_orszag:1,Af_telepules:128,Foto_id:468,Af_varosNev:Baja,
Af_id:54,Af_nev:Duna Wellness Hotel***,Af_orszag:1,Af_telepules:128,Foto_id:469,Af_varosNev:Baja,
Af_id:54,Af_nev:Duna Wellness Hotel***,Af_orszag:1,Af_telepules:128,Foto_id:470,Af_varosNev:Baja,
Af_id:62,Af_nev:Hotel Continent,Af_orszag:1,Af_telepules:1965,Foto_id:528,Af_varosNev:Nyíregyháza,
Af_id:54,Af_nev:Duna Wellness Hotel***,Af_orszag:1,Af_telepules:128,Foto_id:472,Af_varosNev:Baja,
Af_id:54,Af_nev:Duna Wellness Hotel***,Af_orszag:1,Af_telepules:128,Foto_id:473,Af_varosNev:Baja,
Af_id:62,Af_nev:Hotel Continent,Af_orszag:1,Af_telepules:1965,Foto_id:529,Af_varosNev:Nyíregyháza,
Af_id:62,Af_nev:Hotel Continent,Af_orszag:1,Af_telepules:1965,Foto_id:530,Af_varosNev:Nyíregyháza,
Af_id:62,Af_nev:Hotel Continent,Af_orszag:1,Af_telepules:1965,Foto_id:531,Af_varosNev:Nyíregyháza,
Af_id:62,Af_nev:Hotel Continent,Af_orszag:1,Af_telepules:1965,Foto_id:532,Af_varosNev:Nyíregyháza,
Af_id:62,Af_nev:Hotel Continent,Af_orszag:1,Af_telepules:1965,Foto_id:533,Af_varosNev:Nyíregyháza,
Af_id:62,Af_nev:Hotel Continent,Af_orszag:1,Af_telepules:1965,Foto_id:534,Af_varosNev:Nyíregyháza,
Af_id:62,Af_nev:Hotel Continent,Af_orszag:1,Af_telepules:1965,Foto_id:535,Af_varosNev:Nyíregyháza,
Af_id:62,Af_nev:Hotel Continent,Af_orszag:1,Af_telepules:1965,Foto_id:536,Af_varosNev:Nyíregyháza,
Af_id:62,Af_nev:Hotel Continent,Af_orszag:1,Af_telepules:1965,Foto_id:537,Af_varosNev:Nyíregyháza,
Af_id:61,Af_nev:Hotel Gala,Af_orszag:2,Af_telepules:8175,Foto_id:540,Af_varosNev:Oradea,
Af_id:61,Af_nev:Hotel Gala,Af_orszag:2,Af_telepules:8175,Foto_id:541,Af_varosNev:Oradea,
Af_id:61,Af_nev:Hotel Gala,Af_orszag:2,Af_telepules:8175,Foto_id:542,Af_varosNev:Oradea,
Af_id:61,Af_nev:Hotel Gala,Af_orszag:2,Af_telepules:8175,Foto_id:543,Af_varosNev:Oradea,
Af_id:61,Af_nev:Hotel Gala,Af_orszag:2,Af_telepules:8175,Foto_id:544,Af_varosNev:Oradea,
Af_id:61,Af_nev:Hotel Gala,Af_orszag:2,Af_telepules:8175,Foto_id:545,Af_varosNev:Oradea,
Af_id:61,Af_nev:Hotel Gala,Af_orszag:2,Af_telepules:8175,Foto_id:546,Af_varosNev:Oradea,
Af_id:61,Af_nev:Hotel Gala,Af_orszag:2,Af_telepules:8175,Foto_id:547,Af_varosNev:Oradea,
Af_id:61,Af_nev:Hotel Gala,Af_orszag:2,Af_telepules:8175,Foto_id:548,Af_varosNev:Oradea,
Af_id:61,Af_nev:Hotel Gala,Af_orszag:2,Af_telepules:8175,Foto_id:549,Af_varosNev:Oradea,
Af_id:69,Af_nev:Klaudia Apartmanház,Af_orszag:1,Af_telepules:177,Foto_id:551,Af_varosNev:Balatongyörök,
Af_id:69,Af_nev:Klaudia Apartmanház,Af_orszag:1,Af_telepules:177,Foto_id:552,Af_varosNev:Balatongyörök,
Af_id:69,Af_nev:Klaudia Apartmanház,Af_orszag:1,Af_telepules:177,Foto_id:553,Af_varosNev:Balatongyörök,
Af_id:69,Af_nev:Klaudia Apartmanház,Af_orszag:1,Af_telepules:177,Foto_id:554,Af_varosNev:Balatongyörök,
Af_id:69,Af_nev:Klaudia Apartmanház,Af_orszag:1,Af_telepules:177,Foto_id:555,Af_varosNev:Balatongyörök,
Af_id:69,Af_nev:Klaudia Apartmanház,Af_orszag:1,Af_telepules:177,Foto_id:556,Af_varosNev:Balatongyörök,
Af_id:69,Af_nev:Klaudia Apartmanház,Af_orszag:1,Af_telepules:177,Foto_id:557,Af_varosNev:Balatongyörök,
Af_id:69,Af_nev:Klaudia Apartmanház,Af_orszag:1,Af_telepules:177,Foto_id:558,Af_varosNev:Balatongyörök,
Af_id:70,Af_nev:Ripl vendegház,Af_orszag:1,Af_telepules:2576,Foto_id:560,Af_varosNev:Szenna,
Af_id:89,Af_nev:Hotel Caramell**** Bükfürdo,Af_orszag:1,Af_telepules:400,Foto_id:813,Af_varosNev:Bük,
Af_id:99,Af_nev:Kurucz Apartman,Af_orszag:1,Af_telepules:952,Foto_id:1409,Af_varosNev:Hajdúszoboszló,
Af_id:89,Af_nev:Hotel Caramell**** Bükfürdo,Af_orszag:1,Af_telepules:400,Foto_id:812,Af_varosNev:Bük,
Af_id:70,Af_nev:Ripl vendegház,Af_orszag:1,Af_telepules:2576,Foto_id:575,Af_varosNev:Szenna,
Af_id:89,Af_nev:Hotel Caramell**** Bükfürdo,Af_orszag:1,Af_telepules:400,Foto_id:811,Af_varosNev:Bük,
Af_id:89,Af_nev:Hotel Caramell**** Bükfürdo,Af_orszag:1,Af_telepules:400,Foto_id:810,Af_varosNev:Bük,
Af_id:70,Af_nev:Ripl vendegház,Af_orszag:1,Af_telepules:2576,Foto_id:587,Af_varosNev:Szenna,
Af_id:70,Af_nev:Ripl vendegház,Af_orszag:1,Af_telepules:2576,Foto_id:577,Af_varosNev:Szenna,
Af_id:70,Af_nev:Ripl vendegház,Af_orszag:1,Af_telepules:2576,Foto_id:578,Af_varosNev:Szenna,
Af_id:89,Af_nev:Hotel Caramell**** Bükfürdo,Af_orszag:1,Af_telepules:400,Foto_id:809,Af_varosNev:Bük,
Af_id:70,Af_nev:Ripl vendegház,Af_orszag:1,Af_telepules:2576,Foto_id:580,Af_varosNev:Szenna,
Af_id:70,Af_nev:Ripl vendegház,Af_orszag:1,Af_telepules:2576,Foto_id:581,Af_varosNev:Szenna,
Af_id:70,Af_nev:Ripl vendegház,Af_orszag:1,Af_telepules:2576,Foto_id:582,Af_varosNev:Szenna,
Af_id:89,Af_nev:Hotel Caramell**** Bükfürdo,Af_orszag:1,Af_telepules:400,Foto_id:808,Af_varosNev:Bük,
Af_id:70,Af_nev:Ripl vendegház,Af_orszag:1,Af_telepules:2576,Foto_id:584,Af_varosNev:Szenna,
Af_id:70,Af_nev:Ripl vendegház,Af_orszag:1,Af_telepules:2576,Foto_id:588,Af_varosNev:Szenna,
Af_id:89,Af_nev:Hotel Caramell**** Bükfürdo,Af_orszag:1,Af_telepules:400,Foto_id:807,Af_varosNev:Bük,
Af_id:89,Af_nev:Hotel Caramell**** Bükfürdo,Af_orszag:1,Af_telepules:400,Foto_id:806,Af_varosNev:Bük,
Af_id:146,Af_nev:Gosztola Gyöngye Hotel,Af_orszag:1,Af_telepules:879,Foto_id:1408,Af_varosNev:Gosztola,
Af_id:146,Af_nev:Gosztola Gyöngye Hotel,Af_orszag:1,Af_telepules:879,Foto_id:1407,Af_varosNev:Gosztola,
Af_id:146,Af_nev:Gosztola Gyöngye Hotel,Af_orszag:1,Af_telepules:879,Foto_id:1406,Af_varosNev:Gosztola,
Af_id:146,Af_nev:Gosztola Gyöngye Hotel,Af_orszag:1,Af_telepules:879,Foto_id:1405,Af_varosNev:Gosztola,
Af_id:146,Af_nev:Gosztola Gyöngye Hotel,Af_orszag:1,Af_telepules:879,Foto_id:1404,Af_varosNev:Gosztola,
Af_id:146,Af_nev:Gosztola Gyöngye Hotel,Af_orszag:1,Af_telepules:879,Foto_id:1403,Af_varosNev:Gosztola,
Af_id:75,Af_nev:Kék Sziget Pihenoház,Af_orszag:1,Af_telepules:2,Foto_id:607,Af_varosNev:Abádszalók,
Af_id:75,Af_nev:Kék Sziget Pihenoház,Af_orszag:1,Af_telepules:2,Foto_id:608,Af_varosNev:Abádszalók,
Af_id:75,Af_nev:Kék Sziget Pihenoház,Af_orszag:1,Af_telepules:2,Foto_id:609,Af_varosNev:Abádszalók,
Af_id:75,Af_nev:Kék Sziget Pihenoház,Af_orszag:1,Af_telepules:2,Foto_id:610,Af_varosNev:Abádszalók,
Af_id:75,Af_nev:Kék Sziget Pihenoház,Af_orszag:1,Af_telepules:2,Foto_id:611,Af_varosNev:Abádszalók,
Af_id:75,Af_nev:Kék Sziget Pihenoház,Af_orszag:1,Af_telepules:2,Foto_id:612,Af_varosNev:Abádszalók,
Af_id:75,Af_nev:Kék Sziget Pihenoház,Af_orszag:1,Af_telepules:2,Foto_id:613,Af_varosNev:Abádszalók,
Af_id:75,Af_nev:Kék Sziget Pihenoház,Af_orszag:1,Af_telepules:2,Foto_id:614,Af_varosNev:Abádszalók,
Af_id:75,Af_nev:Kék Sziget Pihenoház,Af_orszag:1,Af_telepules:2,Foto_id:615,Af_varosNev:Abádszalók,
Af_id:75,Af_nev:Kék Sziget Pihenoház,Af_orszag:1,Af_telepules:2,Foto_id:616,Af_varosNev:Abádszalók,
Af_id:146,Af_nev:Gosztola Gyöngye Hotel,Af_orszag:1,Af_telepules:879,Foto_id:1402,Af_varosNev:Gosztola,
Af_id:78,Af_nev:Alma-Sovata vendégház,Af_orszag:2,Af_telepules:9938,Foto_id:641,Af_varosNev:Sovata,
Af_id:49,Af_nev:Nordic Hotel,Af_orszag:1,Af_telepules:393,Foto_id:635,Af_varosNev:Budapest,
Af_id:49,Af_nev:Nordic Hotel,Af_orszag:1,Af_telepules:393,Foto_id:634,Af_varosNev:Budapest,
Af_id:49,Af_nev:Nordic Hotel,Af_orszag:1,Af_telepules:393,Foto_id:633,Af_varosNev:Budapest,
Af_id:49,Af_nev:Nordic Hotel,Af_orszag:1,Af_telepules:393,Foto_id:631,Af_varosNev:Budapest,
Af_id:49,Af_nev:Nordic Hotel,Af_orszag:1,Af_telepules:393,Foto_id:632,Af_varosNev:Budapest,
Af_id:49,Af_nev:Nordic Hotel,Af_orszag:1,Af_telepules:393,Foto_id:629,Af_varosNev:Budapest,
Af_id:49,Af_nev:Nordic Hotel,Af_orszag:1,Af_telepules:393,Foto_id:630,Af_varosNev:Budapest,
Af_id:78,Af_nev:Alma-Sovata vendégház,Af_orszag:2,Af_telepules:9938,Foto_id:640,Af_varosNev:Sovata,
Af_id:49,Af_nev:Nordic Hotel,Af_orszag:1,Af_telepules:393,Foto_id:637,Af_varosNev:Budapest,
Af_id:49,Af_nev:Nordic Hotel,Af_orszag:1,Af_telepules:393,Foto_id:638,Af_varosNev:Budapest,
Af_id:49,Af_nev:Nordic Hotel,Af_orszag:1,Af_telepules:393,Foto_id:639,Af_varosNev:Budapest,
Af_id:78,Af_nev:Alma-Sovata vendégház,Af_orszag:2,Af_telepules:9938,Foto_id:642,Af_varosNev:Sovata,
Af_id:78,Af_nev:Alma-Sovata vendégház,Af_orszag:2,Af_telepules:9938,Foto_id:643,Af_varosNev:Sovata,
Af_id:78,Af_nev:Alma-Sovata vendégház,Af_orszag:2,Af_telepules:9938,Foto_id:644,Af_varosNev:Sovata,
Af_id:78,Af_nev:Alma-Sovata vendégház,Af_orszag:2,Af_telepules:9938,Foto_id:645,Af_varosNev:Sovata,
Af_id:145,Af_nev:Panoráma Apartmanhotel,Af_orszag:1,Af_telepules:952,Foto_id:1401,Af_varosNev:Hajdúszoboszló,
Af_id:56,Af_nev:Hotel Silver****Superior,Af_orszag:1,Af_telepules:952,Foto_id:1422,Af_varosNev:Hajdúszoboszló,
Af_id:56,Af_nev:Hotel Silver****Superior,Af_orszag:1,Af_telepules:952,Foto_id:1421,Af_varosNev:Hajdúszoboszló,
Af_id:56,Af_nev:Hotel Silver****Superior,Af_orszag:1,Af_telepules:952,Foto_id:1420,Af_varosNev:Hajdúszoboszló,
Af_id:56,Af_nev:Hotel Silver****Superior,Af_orszag:1,Af_telepules:952,Foto_id:1419,Af_varosNev:Hajdúszoboszló,
Af_id:77,Af_nev:Laroba Hotel,Af_orszag:1,Af_telepules:58,Foto_id:1488,Af_varosNev:Alsóörs,
Af_id:77,Af_nev:Laroba Hotel,Af_orszag:1,Af_telepules:58,Foto_id:1485,Af_varosNev:Alsóörs,
Af_id:77,Af_nev:Laroba Hotel,Af_orszag:1,Af_telepules:58,Foto_id:657,Af_varosNev:Alsóörs,
Af_id:77,Af_nev:Laroba Hotel,Af_orszag:1,Af_telepules:58,Foto_id:658,Af_varosNev:Alsóörs,
Af_id:77,Af_nev:Laroba Hotel,Af_orszag:1,Af_telepules:58,Foto_id:1486,Af_varosNev:Alsóörs,
Af_id:77,Af_nev:Laroba Hotel,Af_orszag:1,Af_telepules:58,Foto_id:660,Af_varosNev:Alsóörs,
Af_id:77,Af_nev:Laroba Hotel,Af_orszag:1,Af_telepules:58,Foto_id:661,Af_varosNev:Alsóörs,
Af_id:77,Af_nev:Laroba Hotel,Af_orszag:1,Af_telepules:58,Foto_id:662,Af_varosNev:Alsóörs,
Af_id:77,Af_nev:Laroba Hotel,Af_orszag:1,Af_telepules:58,Foto_id:663,Af_varosNev:Alsóörs,
Af_id:77,Af_nev:Laroba Hotel,Af_orszag:1,Af_telepules:58,Foto_id:664,Af_varosNev:Alsóörs,
Af_id:77,Af_nev:Laroba Hotel,Af_orszag:1,Af_telepules:58,Foto_id:665,Af_varosNev:Alsóörs,
Af_id:77,Af_nev:Laroba Hotel,Af_orszag:1,Af_telepules:58,Foto_id:666,Af_varosNev:Alsóörs,
Af_id:77,Af_nev:Laroba Hotel,Af_orszag:1,Af_telepules:58,Foto_id:1484,Af_varosNev:Alsóörs,
Af_id:77,Af_nev:Laroba Hotel,Af_orszag:1,Af_telepules:58,Foto_id:668,Af_varosNev:Alsóörs,
Af_id:77,Af_nev:Laroba Hotel,Af_orszag:1,Af_telepules:58,Foto_id:669,Af_varosNev:Alsóörs,
Af_id:77,Af_nev:Laroba Hotel,Af_orszag:1,Af_telepules:58,Foto_id:670,Af_varosNev:Alsóörs,
Af_id:77,Af_nev:Laroba Hotel,Af_orszag:1,Af_telepules:58,Foto_id:1481,Af_varosNev:Alsóörs,
Af_id:77,Af_nev:Laroba Hotel,Af_orszag:1,Af_telepules:58,Foto_id:672,Af_varosNev:Alsóörs,
Af_id:77,Af_nev:Laroba Hotel,Af_orszag:1,Af_telepules:58,Foto_id:673,Af_varosNev:Alsóörs,
Af_id:77,Af_nev:Laroba Hotel,Af_orszag:1,Af_telepules:58,Foto_id:674,Af_varosNev:Alsóörs,
Af_id:77,Af_nev:Laroba Hotel,Af_orszag:1,Af_telepules:58,Foto_id:675,Af_varosNev:Alsóörs,
Af_id:77,Af_nev:Laroba Hotel,Af_orszag:1,Af_telepules:58,Foto_id:676,Af_varosNev:Alsóörs,
Af_id:77,Af_nev:Laroba Hotel,Af_orszag:1,Af_telepules:58,Foto_id:1482,Af_varosNev:Alsóörs,
Af_id:77,Af_nev:Laroba Hotel,Af_orszag:1,Af_telepules:58,Foto_id:1483,Af_varosNev:Alsóörs,
Af_id:77,Af_nev:Laroba Hotel,Af_orszag:1,Af_telepules:58,Foto_id:679,Af_varosNev:Alsóörs,
Af_id:77,Af_nev:Laroba Hotel,Af_orszag:1,Af_telepules:58,Foto_id:1487,Af_varosNev:Alsóörs,
Af_id:71,Af_nev:Hotel-M,Af_orszag:1,Af_telepules:952,Foto_id:686,Af_varosNev:Hajdúszoboszló,
Af_id:71,Af_nev:Hotel-M,Af_orszag:1,Af_telepules:952,Foto_id:685,Af_varosNev:Hajdúszoboszló,
Af_id:71,Af_nev:Hotel-M,Af_orszag:1,Af_telepules:952,Foto_id:687,Af_varosNev:Hajdúszoboszló,
Af_id:71,Af_nev:Hotel-M,Af_orszag:1,Af_telepules:952,Foto_id:688,Af_varosNev:Hajdúszoboszló,
Af_id:71,Af_nev:Hotel-M,Af_orszag:1,Af_telepules:952,Foto_id:689,Af_varosNev:Hajdúszoboszló,
Af_id:71,Af_nev:Hotel-M,Af_orszag:1,Af_telepules:952,Foto_id:690,Af_varosNev:Hajdúszoboszló,
Af_id:71,Af_nev:Hotel-M,Af_orszag:1,Af_telepules:952,Foto_id:691,Af_varosNev:Hajdúszoboszló,
Af_id:71,Af_nev:Hotel-M,Af_orszag:1,Af_telepules:952,Foto_id:692,Af_varosNev:Hajdúszoboszló,
Af_id:71,Af_nev:Hotel-M,Af_orszag:1,Af_telepules:952,Foto_id:693,Af_varosNev:Hajdúszoboszló,
Af_id:71,Af_nev:Hotel-M,Af_orszag:1,Af_telepules:952,Foto_id:694,Af_varosNev:Hajdúszoboszló,
Af_id:71,Af_nev:Hotel-M,Af_orszag:1,Af_telepules:952,Foto_id:695,Af_varosNev:Hajdúszoboszló,
Af_id:71,Af_nev:Hotel-M,Af_orszag:1,Af_telepules:952,Foto_id:696,Af_varosNev:Hajdúszoboszló,
Af_id:71,Af_nev:Hotel-M,Af_orszag:1,Af_telepules:952,Foto_id:697,Af_varosNev:Hajdúszoboszló,
Af_id:67,Af_nev:MOTEL KRINON,Af_orszag:2,Af_telepules:8175,Foto_id:702,Af_varosNev:Oradea,
Af_id:90,Af_nev:Nagy Lak II vendégház,Af_orszag:2,Af_telepules:10096,Foto_id:823,Af_varosNev:Subcetate,
Af_id:132,Af_nev:PENSIUNE SILVER,Af_orszag:2,Af_telepules:9365,Foto_id:1259,Af_varosNev:Sambata,
Af_id:132,Af_nev:PENSIUNE SILVER,Af_orszag:2,Af_telepules:9365,Foto_id:1258,Af_varosNev:Sambata,
Af_id:132,Af_nev:PENSIUNE SILVER,Af_orszag:2,Af_telepules:9365,Foto_id:1257,Af_varosNev:Sambata,
Af_id:56,Af_nev:Hotel Silver****Superior,Af_orszag:1,Af_telepules:952,Foto_id:1418,Af_varosNev:Hajdúszoboszló,
Af_id:138,Af_nev:Lovas Vendégház,Af_orszag:1,Af_telepules:952,Foto_id:1307,Af_varosNev:Hajdúszoboszló,
Af_id:132,Af_nev:PENSIUNE SILVER,Af_orszag:2,Af_telepules:9365,Foto_id:1256,Af_varosNev:Sambata,
Af_id:132,Af_nev:PENSIUNE SILVER,Af_orszag:2,Af_telepules:9365,Foto_id:1255,Af_varosNev:Sambata,
Af_id:132,Af_nev:PENSIUNE SILVER,Af_orszag:2,Af_telepules:9365,Foto_id:1254,Af_varosNev:Sambata,
Af_id:132,Af_nev:PENSIUNE SILVER,Af_orszag:2,Af_telepules:9365,Foto_id:1253,Af_varosNev:Sambata,
Af_id:132,Af_nev:PENSIUNE SILVER,Af_orszag:2,Af_telepules:9365,Foto_id:1252,Af_varosNev:Sambata,
Af_id:138,Af_nev:Lovas Vendégház,Af_orszag:1,Af_telepules:952,Foto_id:1306,Af_varosNev:Hajdúszoboszló,
Af_id:132,Af_nev:PENSIUNE SILVER,Af_orszag:2,Af_telepules:9365,Foto_id:1251,Af_varosNev:Sambata,
Af_id:138,Af_nev:Lovas Vendégház,Af_orszag:1,Af_telepules:952,Foto_id:1305,Af_varosNev:Hajdúszoboszló,
Af_id:132,Af_nev:PENSIUNE SILVER,Af_orszag:2,Af_telepules:9365,Foto_id:1250,Af_varosNev:Sambata,
Af_id:132,Af_nev:PENSIUNE SILVER,Af_orszag:2,Af_telepules:9365,Foto_id:1249,Af_varosNev:Sambata,
Af_id:138,Af_nev:Lovas Vendégház,Af_orszag:1,Af_telepules:952,Foto_id:1304,Af_varosNev:Hajdúszoboszló,
Af_id:132,Af_nev:PENSIUNE SILVER,Af_orszag:2,Af_telepules:9365,Foto_id:1248,Af_varosNev:Sambata,
Af_id:132,Af_nev:PENSIUNE SILVER,Af_orszag:2,Af_telepules:9365,Foto_id:1247,Af_varosNev:Sambata,
Af_id:138,Af_nev:Lovas Vendégház,Af_orszag:1,Af_telepules:952,Foto_id:1303,Af_varosNev:Hajdúszoboszló,
Af_id:138,Af_nev:Lovas Vendégház,Af_orszag:1,Af_telepules:952,Foto_id:1302,Af_varosNev:Hajdúszoboszló,
Af_id:144,Af_nev:Hotel Ködmön,Af_orszag:1,Af_telepules:660,Foto_id:1389,Af_varosNev:Eger,
Af_id:132,Af_nev:PENSIUNE SILVER,Af_orszag:2,Af_telepules:9365,Foto_id:1273,Af_varosNev:Sambata,
Af_id:133,Af_nev:Hotel Alexis***,Af_orszag:2,Af_telepules:4983,Foto_id:1272,Af_varosNev:Cluj Napoca,
Af_id:133,Af_nev:Hotel Alexis***,Af_orszag:2,Af_telepules:4983,Foto_id:1271,Af_varosNev:Cluj Napoca,
Af_id:133,Af_nev:Hotel Alexis***,Af_orszag:2,Af_telepules:4983,Foto_id:1270,Af_varosNev:Cluj Napoca,
Af_id:133,Af_nev:Hotel Alexis***,Af_orszag:2,Af_telepules:4983,Foto_id:1269,Af_varosNev:Cluj Napoca,
Af_id:133,Af_nev:Hotel Alexis***,Af_orszag:2,Af_telepules:4983,Foto_id:1268,Af_varosNev:Cluj Napoca,
Af_id:133,Af_nev:Hotel Alexis***,Af_orszag:2,Af_telepules:4983,Foto_id:1267,Af_varosNev:Cluj Napoca,
Af_id:133,Af_nev:Hotel Alexis***,Af_orszag:2,Af_telepules:4983,Foto_id:1266,Af_varosNev:Cluj Napoca,
Af_id:133,Af_nev:Hotel Alexis***,Af_orszag:2,Af_telepules:4983,Foto_id:1265,Af_varosNev:Cluj Napoca,
Af_id:133,Af_nev:Hotel Alexis***,Af_orszag:2,Af_telepules:4983,Foto_id:1264,Af_varosNev:Cluj Napoca,
Af_id:133,Af_nev:Hotel Alexis***,Af_orszag:2,Af_telepules:4983,Foto_id:1263,Af_varosNev:Cluj Napoca,
Af_id:133,Af_nev:Hotel Alexis***,Af_orszag:2,Af_telepules:4983,Foto_id:1262,Af_varosNev:Cluj Napoca,
Af_id:133,Af_nev:Hotel Alexis***,Af_orszag:2,Af_telepules:4983,Foto_id:1261,Af_varosNev:Cluj Napoca,
Af_id:132,Af_nev:PENSIUNE SILVER,Af_orszag:2,Af_telepules:9365,Foto_id:1260,Af_varosNev:Sambata,
Af_id:83,Af_nev:Godó Panzió,Af_orszag:1,Af_telepules:2497,Foto_id:746,Af_varosNev:Szajol,
Af_id:83,Af_nev:Godó Panzió,Af_orszag:1,Af_telepules:2497,Foto_id:747,Af_varosNev:Szajol,
Af_id:83,Af_nev:Godó Panzió,Af_orszag:1,Af_telepules:2497,Foto_id:748,Af_varosNev:Szajol,
Af_id:83,Af_nev:Godó Panzió,Af_orszag:1,Af_telepules:2497,Foto_id:749,Af_varosNev:Szajol,
Af_id:83,Af_nev:Godó Panzió,Af_orszag:1,Af_telepules:2497,Foto_id:750,Af_varosNev:Szajol,
Af_id:83,Af_nev:Godó Panzió,Af_orszag:1,Af_telepules:2497,Foto_id:751,Af_varosNev:Szajol,
Af_id:83,Af_nev:Godó Panzió,Af_orszag:1,Af_telepules:2497,Foto_id:752,Af_varosNev:Szajol,
Af_id:83,Af_nev:Godó Panzió,Af_orszag:1,Af_telepules:2497,Foto_id:753,Af_varosNev:Szajol,
Af_id:83,Af_nev:Godó Panzió,Af_orszag:1,Af_telepules:2497,Foto_id:754,Af_varosNev:Szajol,
Af_id:83,Af_nev:Godó Panzió,Af_orszag:1,Af_telepules:2497,Foto_id:755,Af_varosNev:Szajol,
Af_id:132,Af_nev:PENSIUNE SILVER,Af_orszag:2,Af_telepules:9365,Foto_id:1246,Af_varosNev:Sambata,
Af_id:132,Af_nev:PENSIUNE SILVER,Af_orszag:2,Af_telepules:9365,Foto_id:1245,Af_varosNev:Sambata,
Af_id:88,Af_nev:Termál Hotel Aqua***,Af_orszag:1,Af_telepules:1765,Foto_id:780,Af_varosNev:Mosonmagyaróvár,
Af_id:132,Af_nev:PENSIUNE SILVER,Af_orszag:2,Af_telepules:9365,Foto_id:1244,Af_varosNev:Sambata,
Af_id:132,Af_nev:PENSIUNE SILVER,Af_orszag:2,Af_telepules:9365,Foto_id:1243,Af_varosNev:Sambata,
Af_id:88,Af_nev:Termál Hotel Aqua***,Af_orszag:1,Af_telepules:1765,Foto_id:781,Af_varosNev:Mosonmagyaróvár,
Af_id:88,Af_nev:Termál Hotel Aqua***,Af_orszag:1,Af_telepules:1765,Foto_id:782,Af_varosNev:Mosonmagyaróvár,
Af_id:88,Af_nev:Termál Hotel Aqua***,Af_orszag:1,Af_telepules:1765,Foto_id:783,Af_varosNev:Mosonmagyaróvár,
Af_id:88,Af_nev:Termál Hotel Aqua***,Af_orszag:1,Af_telepules:1765,Foto_id:784,Af_varosNev:Mosonmagyaróvár,
Af_id:88,Af_nev:Termál Hotel Aqua***,Af_orszag:1,Af_telepules:1765,Foto_id:785,Af_varosNev:Mosonmagyaróvár,
Af_id:88,Af_nev:Termál Hotel Aqua***,Af_orszag:1,Af_telepules:1765,Foto_id:786,Af_varosNev:Mosonmagyaróvár,
Af_id:88,Af_nev:Termál Hotel Aqua***,Af_orszag:1,Af_telepules:1765,Foto_id:787,Af_varosNev:Mosonmagyaróvár,
Af_id:88,Af_nev:Termál Hotel Aqua***,Af_orszag:1,Af_telepules:1765,Foto_id:788,Af_varosNev:Mosonmagyaróvár,
Af_id:88,Af_nev:Termál Hotel Aqua***,Af_orszag:1,Af_telepules:1765,Foto_id:789,Af_varosNev:Mosonmagyaróvár,
Af_id:88,Af_nev:Termál Hotel Aqua***,Af_orszag:1,Af_telepules:1765,Foto_id:790,Af_varosNev:Mosonmagyaróvár,
Af_id:88,Af_nev:Termál Hotel Aqua***,Af_orszag:1,Af_telepules:1765,Foto_id:791,Af_varosNev:Mosonmagyaróvár,
Af_id:88,Af_nev:Termál Hotel Aqua***,Af_orszag:1,Af_telepules:1765,Foto_id:792,Af_varosNev:Mosonmagyaróvár,
Af_id:88,Af_nev:Termál Hotel Aqua***,Af_orszag:1,Af_telepules:1765,Foto_id:793,Af_varosNev:Mosonmagyaróvár,
Af_id:88,Af_nev:Termál Hotel Aqua***,Af_orszag:1,Af_telepules:1765,Foto_id:794,Af_varosNev:Mosonmagyaróvár,
Af_id:88,Af_nev:Termál Hotel Aqua***,Af_orszag:1,Af_telepules:1765,Foto_id:795,Af_varosNev:Mosonmagyaróvár,
Af_id:88,Af_nev:Termál Hotel Aqua***,Af_orszag:1,Af_telepules:1765,Foto_id:796,Af_varosNev:Mosonmagyaróvár,
Af_id:67,Af_nev:MOTEL KRINON,Af_orszag:2,Af_telepules:8175,Foto_id:797,Af_varosNev:Oradea,
Af_id:67,Af_nev:MOTEL KRINON,Af_orszag:2,Af_telepules:8175,Foto_id:798,Af_varosNev:Oradea,
Af_id:67,Af_nev:MOTEL KRINON,Af_orszag:2,Af_telepules:8175,Foto_id:799,Af_varosNev:Oradea,
Af_id:67,Af_nev:MOTEL KRINON,Af_orszag:2,Af_telepules:8175,Foto_id:800,Af_varosNev:Oradea,
Af_id:67,Af_nev:MOTEL KRINON,Af_orszag:2,Af_telepules:8175,Foto_id:801,Af_varosNev:Oradea,
Af_id:67,Af_nev:MOTEL KRINON,Af_orszag:2,Af_telepules:8175,Foto_id:802,Af_varosNev:Oradea,
Af_id:67,Af_nev:MOTEL KRINON,Af_orszag:2,Af_telepules:8175,Foto_id:803,Af_varosNev:Oradea,
Af_id:67,Af_nev:MOTEL KRINON,Af_orszag:2,Af_telepules:8175,Foto_id:804,Af_varosNev:Oradea,
Af_id:67,Af_nev:MOTEL KRINON,Af_orszag:2,Af_telepules:8175,Foto_id:805,Af_varosNev:Oradea,
Af_id:90,Af_nev:Nagy Lak II vendégház,Af_orszag:2,Af_telepules:10096,Foto_id:824,Af_varosNev:Subcetate,
Af_id:90,Af_nev:Nagy Lak II vendégház,Af_orszag:2,Af_telepules:10096,Foto_id:825,Af_varosNev:Subcetate,
Af_id:90,Af_nev:Nagy Lak II vendégház,Af_orszag:2,Af_telepules:10096,Foto_id:826,Af_varosNev:Subcetate,
Af_id:90,Af_nev:Nagy Lak II vendégház,Af_orszag:2,Af_telepules:10096,Foto_id:827,Af_varosNev:Subcetate,
Af_id:90,Af_nev:Nagy Lak II vendégház,Af_orszag:2,Af_telepules:10096,Foto_id:828,Af_varosNev:Subcetate,
Af_id:90,Af_nev:Nagy Lak II vendégház,Af_orszag:2,Af_telepules:10096,Foto_id:829,Af_varosNev:Subcetate,
Af_id:90,Af_nev:Nagy Lak II vendégház,Af_orszag:2,Af_telepules:10096,Foto_id:830,Af_varosNev:Subcetate,
Af_id:90,Af_nev:Nagy Lak II vendégház,Af_orszag:2,Af_telepules:10096,Foto_id:831,Af_varosNev:Subcetate,
Af_id:90,Af_nev:Nagy Lak II vendégház,Af_orszag:2,Af_telepules:10096,Foto_id:832,Af_varosNev:Subcetate,
Af_id:90,Af_nev:Nagy Lak II vendégház,Af_orszag:2,Af_telepules:10096,Foto_id:833,Af_varosNev:Subcetate,
Af_id:90,Af_nev:Nagy Lak II vendégház,Af_orszag:2,Af_telepules:10096,Foto_id:834,Af_varosNev:Subcetate,
Af_id:91,Af_nev:Pensiunea Krimea,Af_orszag:2,Af_telepules:7275,Foto_id:838,Af_varosNev:Luna De Sus,
Af_id:91,Af_nev:Pensiunea Krimea,Af_orszag:2,Af_telepules:7275,Foto_id:837,Af_varosNev:Luna De Sus,
Af_id:91,Af_nev:Pensiunea Krimea,Af_orszag:2,Af_telepules:7275,Foto_id:839,Af_varosNev:Luna De Sus,
Af_id:91,Af_nev:Pensiunea Krimea,Af_orszag:2,Af_telepules:7275,Foto_id:840,Af_varosNev:Luna De Sus,
Af_id:91,Af_nev:Pensiunea Krimea,Af_orszag:2,Af_telepules:7275,Foto_id:841,Af_varosNev:Luna De Sus,
Af_id:91,Af_nev:Pensiunea Krimea,Af_orszag:2,Af_telepules:7275,Foto_id:842,Af_varosNev:Luna De Sus,
Af_id:91,Af_nev:Pensiunea Krimea,Af_orszag:2,Af_telepules:7275,Foto_id:843,Af_varosNev:Luna De Sus,
Af_id:91,Af_nev:Pensiunea Krimea,Af_orszag:2,Af_telepules:7275,Foto_id:844,Af_varosNev:Luna De Sus,
Af_id:91,Af_nev:Pensiunea Krimea,Af_orszag:2,Af_telepules:7275,Foto_id:845,Af_varosNev:Luna De Sus,
Af_id:91,Af_nev:Pensiunea Krimea,Af_orszag:2,Af_telepules:7275,Foto_id:846,Af_varosNev:Luna De Sus,
Af_id:91,Af_nev:Pensiunea Krimea,Af_orszag:2,Af_telepules:7275,Foto_id:847,Af_varosNev:Luna De Sus,
Af_id:91,Af_nev:Pensiunea Krimea,Af_orszag:2,Af_telepules:7275,Foto_id:848,Af_varosNev:Luna De Sus,
Af_id:91,Af_nev:Pensiunea Krimea,Af_orszag:2,Af_telepules:7275,Foto_id:849,Af_varosNev:Luna De Sus,
Af_id:91,Af_nev:Pensiunea Krimea,Af_orszag:2,Af_telepules:7275,Foto_id:850,Af_varosNev:Luna De Sus,
Af_id:92,Af_nev:Hanul Pescarilor,Af_orszag:2,Af_telepules:8175,Foto_id:851,Af_varosNev:Oradea,
Af_id:92,Af_nev:Hanul Pescarilor,Af_orszag:2,Af_telepules:8175,Foto_id:852,Af_varosNev:Oradea,
Af_id:92,Af_nev:Hanul Pescarilor,Af_orszag:2,Af_telepules:8175,Foto_id:853,Af_varosNev:Oradea,
Af_id:92,Af_nev:Hanul Pescarilor,Af_orszag:2,Af_telepules:8175,Foto_id:854,Af_varosNev:Oradea,
Af_id:92,Af_nev:Hanul Pescarilor,Af_orszag:2,Af_telepules:8175,Foto_id:855,Af_varosNev:Oradea,
Af_id:98,Af_nev:Réka Apartman,Af_orszag:1,Af_telepules:952,Foto_id:900,Af_varosNev:Hajdúszoboszló,
Af_id:132,Af_nev:PENSIUNE SILVER,Af_orszag:2,Af_telepules:9365,Foto_id:1242,Af_varosNev:Sambata,
Af_id:132,Af_nev:PENSIUNE SILVER,Af_orszag:2,Af_telepules:9365,Foto_id:1241,Af_varosNev:Sambata,
Af_id:132,Af_nev:PENSIUNE SILVER,Af_orszag:2,Af_telepules:9365,Foto_id:1240,Af_varosNev:Sambata,
Af_id:132,Af_nev:PENSIUNE SILVER,Af_orszag:2,Af_telepules:9365,Foto_id:1239,Af_varosNev:Sambata,
Af_id:132,Af_nev:PENSIUNE SILVER,Af_orszag:2,Af_telepules:9365,Foto_id:1238,Af_varosNev:Sambata,
Af_id:132,Af_nev:PENSIUNE SILVER,Af_orszag:2,Af_telepules:9365,Foto_id:1237,Af_varosNev:Sambata,
Af_id:132,Af_nev:PENSIUNE SILVER,Af_orszag:2,Af_telepules:9365,Foto_id:1236,Af_varosNev:Sambata,
Af_id:98,Af_nev:Réka Apartman,Af_orszag:1,Af_telepules:952,Foto_id:899,Af_varosNev:Hajdúszoboszló,
Af_id:98,Af_nev:Réka Apartman,Af_orszag:1,Af_telepules:952,Foto_id:898,Af_varosNev:Hajdúszoboszló,
Af_id:98,Af_nev:Réka Apartman,Af_orszag:1,Af_telepules:952,Foto_id:897,Af_varosNev:Hajdúszoboszló,
Af_id:98,Af_nev:Réka Apartman,Af_orszag:1,Af_telepules:952,Foto_id:896,Af_varosNev:Hajdúszoboszló,
Af_id:99,Af_nev:Kurucz Apartman,Af_orszag:1,Af_telepules:952,Foto_id:917,Af_varosNev:Hajdúszoboszló,
Af_id:99,Af_nev:Kurucz Apartman,Af_orszag:1,Af_telepules:952,Foto_id:918,Af_varosNev:Hajdúszoboszló,
Af_id:99,Af_nev:Kurucz Apartman,Af_orszag:1,Af_telepules:952,Foto_id:919,Af_varosNev:Hajdúszoboszló,
Af_id:99,Af_nev:Kurucz Apartman,Af_orszag:1,Af_telepules:952,Foto_id:920,Af_varosNev:Hajdúszoboszló,
Af_id:99,Af_nev:Kurucz Apartman,Af_orszag:1,Af_telepules:952,Foto_id:921,Af_varosNev:Hajdúszoboszló,
Af_id:99,Af_nev:Kurucz Apartman,Af_orszag:1,Af_telepules:952,Foto_id:922,Af_varosNev:Hajdúszoboszló,
Af_id:99,Af_nev:Kurucz Apartman,Af_orszag:1,Af_telepules:952,Foto_id:923,Af_varosNev:Hajdúszoboszló,
Af_id:99,Af_nev:Kurucz Apartman,Af_orszag:1,Af_telepules:952,Foto_id:924,Af_varosNev:Hajdúszoboszló,
Af_id:99,Af_nev:Kurucz Apartman,Af_orszag:1,Af_telepules:952,Foto_id:925,Af_varosNev:Hajdúszoboszló,
Af_id:56,Af_nev:Hotel Silver****Superior,Af_orszag:1,Af_telepules:952,Foto_id:1417,Af_varosNev:Hajdúszoboszló,
Af_id:100,Af_nev:Jókai Apartman,Af_orszag:1,Af_telepules:952,Foto_id:927,Af_varosNev:Hajdúszoboszló,
Af_id:100,Af_nev:Jókai Apartman,Af_orszag:1,Af_telepules:952,Foto_id:928,Af_varosNev:Hajdúszoboszló,
Af_id:100,Af_nev:Jókai Apartman,Af_orszag:1,Af_telepules:952,Foto_id:929,Af_varosNev:Hajdúszoboszló,
Af_id:100,Af_nev:Jókai Apartman,Af_orszag:1,Af_telepules:952,Foto_id:930,Af_varosNev:Hajdúszoboszló,
Af_id:100,Af_nev:Jókai Apartman,Af_orszag:1,Af_telepules:952,Foto_id:931,Af_varosNev:Hajdúszoboszló,
Af_id:100,Af_nev:Jókai Apartman,Af_orszag:1,Af_telepules:952,Foto_id:932,Af_varosNev:Hajdúszoboszló,
Af_id:100,Af_nev:Jókai Apartman,Af_orszag:1,Af_telepules:952,Foto_id:933,Af_varosNev:Hajdúszoboszló,
Af_id:100,Af_nev:Jókai Apartman,Af_orszag:1,Af_telepules:952,Foto_id:934,Af_varosNev:Hajdúszoboszló,
Af_id:100,Af_nev:Jókai Apartman,Af_orszag:1,Af_telepules:952,Foto_id:935,Af_varosNev:Hajdúszoboszló,
Af_id:100,Af_nev:Jókai Apartman,Af_orszag:1,Af_telepules:952,Foto_id:936,Af_varosNev:Hajdúszoboszló,
Af_id:100,Af_nev:Jókai Apartman,Af_orszag:1,Af_telepules:952,Foto_id:937,Af_varosNev:Hajdúszoboszló,
Af_id:100,Af_nev:Jókai Apartman,Af_orszag:1,Af_telepules:952,Foto_id:938,Af_varosNev:Hajdúszoboszló,
Af_id:104,Af_nev:Marica apartman,Af_orszag:1,Af_telepules:952,Foto_id:942,Af_varosNev:Hajdúszoboszló,
Af_id:104,Af_nev:Marica apartman,Af_orszag:1,Af_telepules:952,Foto_id:943,Af_varosNev:Hajdúszoboszló,
Af_id:144,Af_nev:Hotel Ködmön,Af_orszag:1,Af_telepules:660,Foto_id:1569,Af_varosNev:Eger,
Af_id:104,Af_nev:Marica apartman,Af_orszag:1,Af_telepules:952,Foto_id:945,Af_varosNev:Hajdúszoboszló,
Af_id:104,Af_nev:Marica apartman,Af_orszag:1,Af_telepules:952,Foto_id:946,Af_varosNev:Hajdúszoboszló,
Af_id:144,Af_nev:Hotel Ködmön,Af_orszag:1,Af_telepules:660,Foto_id:1574,Af_varosNev:Eger,
Af_id:104,Af_nev:Marica apartman,Af_orszag:1,Af_telepules:952,Foto_id:948,Af_varosNev:Hajdúszoboszló,
Af_id:104,Af_nev:Marica apartman,Af_orszag:1,Af_telepules:952,Foto_id:949,Af_varosNev:Hajdúszoboszló,
Af_id:144,Af_nev:Hotel Ködmön,Af_orszag:1,Af_telepules:660,Foto_id:1573,Af_varosNev:Eger,
Af_id:144,Af_nev:Hotel Ködmön,Af_orszag:1,Af_telepules:660,Foto_id:1577,Af_varosNev:Eger,
Af_id:144,Af_nev:Hotel Ködmön,Af_orszag:1,Af_telepules:660,Foto_id:1576,Af_varosNev:Eger,
Af_id:144,Af_nev:Hotel Ködmön,Af_orszag:1,Af_telepules:660,Foto_id:1575,Af_varosNev:Eger,
Af_id:103,Af_nev:Nap Vendégház,Af_orszag:1,Af_telepules:952,Foto_id:964,Af_varosNev:Hajdúszoboszló,
Af_id:103,Af_nev:Nap Vendégház,Af_orszag:1,Af_telepules:952,Foto_id:965,Af_varosNev:Hajdúszoboszló,
Af_id:103,Af_nev:Nap Vendégház,Af_orszag:1,Af_telepules:952,Foto_id:966,Af_varosNev:Hajdúszoboszló,
Af_id:103,Af_nev:Nap Vendégház,Af_orszag:1,Af_telepules:952,Foto_id:967,Af_varosNev:Hajdúszoboszló,
Af_id:103,Af_nev:Nap Vendégház,Af_orszag:1,Af_telepules:952,Foto_id:968,Af_varosNev:Hajdúszoboszló,
Af_id:103,Af_nev:Nap Vendégház,Af_orszag:1,Af_telepules:952,Foto_id:969,Af_varosNev:Hajdúszoboszló,
Af_id:103,Af_nev:Nap Vendégház,Af_orszag:1,Af_telepules:952,Foto_id:970,Af_varosNev:Hajdúszoboszló,
Af_id:103,Af_nev:Nap Vendégház,Af_orszag:1,Af_telepules:952,Foto_id:971,Af_varosNev:Hajdúszoboszló,
Af_id:103,Af_nev:Nap Vendégház,Af_orszag:1,Af_telepules:952,Foto_id:972,Af_varosNev:Hajdúszoboszló,
Af_id:103,Af_nev:Nap Vendégház,Af_orszag:1,Af_telepules:952,Foto_id:973,Af_varosNev:Hajdúszoboszló,
Af_id:144,Af_nev:Hotel Ködmön,Af_orszag:1,Af_telepules:660,Foto_id:1572,Af_varosNev:Eger,
Af_id:157,Af_nev:Hotel Szeifert***,Af_orszag:2,Af_telepules:9938,Foto_id:1563,Af_varosNev:Sovata,
Af_id:110,Af_nev:Emese Apartman,Af_orszag:1,Af_telepules:952,Foto_id:1037,Af_varosNev:Hajdúszoboszló,
Af_id:144,Af_nev:Hotel Ködmön,Af_orszag:1,Af_telepules:660,Foto_id:1571,Af_varosNev:Eger,
Af_id:144,Af_nev:Hotel Ködmön,Af_orszag:1,Af_telepules:660,Foto_id:1570,Af_varosNev:Eger,
Af_id:157,Af_nev:Hotel Szeifert***,Af_orszag:2,Af_telepules:9938,Foto_id:1567,Af_varosNev:Sovata,
Af_id:157,Af_nev:Hotel Szeifert***,Af_orszag:2,Af_telepules:9938,Foto_id:1566,Af_varosNev:Sovata,
Af_id:157,Af_nev:Hotel Szeifert***,Af_orszag:2,Af_telepules:9938,Foto_id:1565,Af_varosNev:Sovata,
Af_id:157,Af_nev:Hotel Szeifert***,Af_orszag:2,Af_telepules:9938,Foto_id:1564,Af_varosNev:Sovata,
Af_id:157,Af_nev:Hotel Szeifert***,Af_orszag:2,Af_telepules:9938,Foto_id:1562,Af_varosNev:Sovata,
Af_id:157,Af_nev:Hotel Szeifert***,Af_orszag:2,Af_telepules:9938,Foto_id:1561,Af_varosNev:Sovata,
Af_id:157,Af_nev:Hotel Szeifert***,Af_orszag:2,Af_telepules:9938,Foto_id:1560,Af_varosNev:Sovata,
Af_id:157,Af_nev:Hotel Szeifert***,Af_orszag:2,Af_telepules:9938,Foto_id:1559,Af_varosNev:Sovata,
Af_id:157,Af_nev:Hotel Szeifert***,Af_orszag:2,Af_telepules:9938,Foto_id:1558,Af_varosNev:Sovata,
Af_id:157,Af_nev:Hotel Szeifert***,Af_orszag:2,Af_telepules:9938,Foto_id:1557,Af_varosNev:Sovata,
Af_id:157,Af_nev:Hotel Szeifert***,Af_orszag:2,Af_telepules:9938,Foto_id:1556,Af_varosNev:Sovata,
Af_id:4,Af_nev:Járja Panzió***,Af_orszag:1,Af_telepules:952,Foto_id:1004,Af_varosNev:Hajdúszoboszló,
Af_id:4,Af_nev:Járja Panzió***,Af_orszag:1,Af_telepules:952,Foto_id:1005,Af_varosNev:Hajdúszoboszló,
Af_id:4,Af_nev:Járja Panzió***,Af_orszag:1,Af_telepules:952,Foto_id:1006,Af_varosNev:Hajdúszoboszló,
Af_id:85,Af_nev:HOTEL AMETYST,Af_orszag:1,Af_telepules:1704,Foto_id:1022,Af_varosNev:Mezokövesd,
Af_id:85,Af_nev:HOTEL AMETYST,Af_orszag:1,Af_telepules:1704,Foto_id:1023,Af_varosNev:Mezokövesd,
Af_id:85,Af_nev:HOTEL AMETYST,Af_orszag:1,Af_telepules:1704,Foto_id:1024,Af_varosNev:Mezokövesd,
Af_id:85,Af_nev:HOTEL AMETYST,Af_orszag:1,Af_telepules:1704,Foto_id:1025,Af_varosNev:Mezokövesd,
Af_id:85,Af_nev:HOTEL AMETYST,Af_orszag:1,Af_telepules:1704,Foto_id:1026,Af_varosNev:Mezokövesd,
Af_id:79,Af_nev:Bordo Panzio,Af_orszag:2,Af_telepules:6255,Foto_id:1027,Af_varosNev:Ghelinta,
Af_id:79,Af_nev:Bordo Panzio,Af_orszag:2,Af_telepules:6255,Foto_id:1028,Af_varosNev:Ghelinta,
Af_id:79,Af_nev:Bordo Panzio,Af_orszag:2,Af_telepules:6255,Foto_id:1029,Af_varosNev:Ghelinta,
Af_id:92,Af_nev:Hanul Pescarilor,Af_orszag:2,Af_telepules:8175,Foto_id:1030,Af_varosNev:Oradea,
Af_id:92,Af_nev:Hanul Pescarilor,Af_orszag:2,Af_telepules:8175,Foto_id:1031,Af_varosNev:Oradea,
Af_id:92,Af_nev:Hanul Pescarilor,Af_orszag:2,Af_telepules:8175,Foto_id:1032,Af_varosNev:Oradea,
Af_id:92,Af_nev:Hanul Pescarilor,Af_orszag:2,Af_telepules:8175,Foto_id:1033,Af_varosNev:Oradea,
Af_id:92,Af_nev:Hanul Pescarilor,Af_orszag:2,Af_telepules:8175,Foto_id:1034,Af_varosNev:Oradea,
Af_id:92,Af_nev:Hanul Pescarilor,Af_orszag:2,Af_telepules:8175,Foto_id:1035,Af_varosNev:Oradea,
Af_id:92,Af_nev:Hanul Pescarilor,Af_orszag:2,Af_telepules:8175,Foto_id:1036,Af_varosNev:Oradea,
Af_id:111,Af_nev:Dóró vendégház,Af_orszag:1,Af_telepules:952,Foto_id:1045,Af_varosNev:Hajdúszoboszló,
Af_id:111,Af_nev:Dóró vendégház,Af_orszag:1,Af_telepules:952,Foto_id:1046,Af_varosNev:Hajdúszoboszló,
Af_id:111,Af_nev:Dóró vendégház,Af_orszag:1,Af_telepules:952,Foto_id:1047,Af_varosNev:Hajdúszoboszló,
Af_id:111,Af_nev:Dóró vendégház,Af_orszag:1,Af_telepules:952,Foto_id:1048,Af_varosNev:Hajdúszoboszló,
Af_id:111,Af_nev:Dóró vendégház,Af_orszag:1,Af_telepules:952,Foto_id:1049,Af_varosNev:Hajdúszoboszló,
Af_id:111,Af_nev:Dóró vendégház,Af_orszag:1,Af_telepules:952,Foto_id:1050,Af_varosNev:Hajdúszoboszló,
Af_id:111,Af_nev:Dóró vendégház,Af_orszag:1,Af_telepules:952,Foto_id:1051,Af_varosNev:Hajdúszoboszló,
Af_id:112,Af_nev:Dorcsin Apartman,Af_orszag:1,Af_telepules:952,Foto_id:1052,Af_varosNev:Hajdúszoboszló,
Af_id:112,Af_nev:Dorcsin Apartman,Af_orszag:1,Af_telepules:952,Foto_id:1053,Af_varosNev:Hajdúszoboszló,
Af_id:112,Af_nev:Dorcsin Apartman,Af_orszag:1,Af_telepules:952,Foto_id:1054,Af_varosNev:Hajdúszoboszló,
Af_id:112,Af_nev:Dorcsin Apartman,Af_orszag:1,Af_telepules:952,Foto_id:1055,Af_varosNev:Hajdúszoboszló,
Af_id:112,Af_nev:Dorcsin Apartman,Af_orszag:1,Af_telepules:952,Foto_id:1056,Af_varosNev:Hajdúszoboszló,
Af_id:112,Af_nev:Dorcsin Apartman,Af_orszag:1,Af_telepules:952,Foto_id:1057,Af_varosNev:Hajdúszoboszló,
Af_id:113,Af_nev:Forrás Panzió,Af_orszag:1,Af_telepules:952,Foto_id:1058,Af_varosNev:Hajdúszoboszló,
Af_id:113,Af_nev:Forrás Panzió,Af_orszag:1,Af_telepules:952,Foto_id:1059,Af_varosNev:Hajdúszoboszló,
Af_id:113,Af_nev:Forrás Panzió,Af_orszag:1,Af_telepules:952,Foto_id:1060,Af_varosNev:Hajdúszoboszló,
Af_id:113,Af_nev:Forrás Panzió,Af_orszag:1,Af_telepules:952,Foto_id:1061,Af_varosNev:Hajdúszoboszló,
Af_id:113,Af_nev:Forrás Panzió,Af_orszag:1,Af_telepules:952,Foto_id:1062,Af_varosNev:Hajdúszoboszló,
Af_id:113,Af_nev:Forrás Panzió,Af_orszag:1,Af_telepules:952,Foto_id:1063,Af_varosNev:Hajdúszoboszló,
Af_id:157,Af_nev:Hotel Szeifert***,Af_orszag:2,Af_telepules:9938,Foto_id:1555,Af_varosNev:Sovata,
Af_id:157,Af_nev:Hotel Szeifert***,Af_orszag:2,Af_telepules:9938,Foto_id:1554,Af_varosNev:Sovata,
Af_id:157,Af_nev:Hotel Szeifert***,Af_orszag:2,Af_telepules:9938,Foto_id:1553,Af_varosNev:Sovata,
Af_id:58,Af_nev:Kék Duna Wellness Hotel****,Af_orszag:1,Af_telepules:2258,Foto_id:1552,Af_varosNev:Ráckeve,
Af_id:156,Af_nev:Hotel President****,Af_orszag:2,Af_telepules:3154,Foto_id:1546,Af_varosNev:1 Decembrie,
Af_id:156,Af_nev:Hotel President****,Af_orszag:2,Af_telepules:3154,Foto_id:1545,Af_varosNev:1 Decembrie,
Af_id:156,Af_nev:Hotel President****,Af_orszag:2,Af_telepules:3154,Foto_id:1544,Af_varosNev:1 Decembrie,
Af_id:156,Af_nev:Hotel President****,Af_orszag:2,Af_telepules:3154,Foto_id:1543,Af_varosNev:1 Decembrie,
Af_id:156,Af_nev:Hotel President****,Af_orszag:2,Af_telepules:3154,Foto_id:1542,Af_varosNev:1 Decembrie,
Af_id:156,Af_nev:Hotel President****,Af_orszag:2,Af_telepules:3154,Foto_id:1541,Af_varosNev:1 Decembrie,
Af_id:156,Af_nev:Hotel President****,Af_orszag:2,Af_telepules:3154,Foto_id:1540,Af_varosNev:1 Decembrie,
Af_id:156,Af_nev:Hotel President****,Af_orszag:2,Af_telepules:3154,Foto_id:1538,Af_varosNev:1 Decembrie,
Af_id:156,Af_nev:Hotel President****,Af_orszag:2,Af_telepules:3154,Foto_id:1539,Af_varosNev:1 Decembrie,
Af_id:156,Af_nev:Hotel President****,Af_orszag:2,Af_telepules:3154,Foto_id:1536,Af_varosNev:1 Decembrie,
Af_id:156,Af_nev:Hotel President****,Af_orszag:2,Af_telepules:3154,Foto_id:1537,Af_varosNev:1 Decembrie,
Af_id:58,Af_nev:Kék Duna Wellness Hotel****,Af_orszag:1,Af_telepules:2258,Foto_id:1551,Af_varosNev:Ráckeve,
Af_id:156,Af_nev:Hotel President****,Af_orszag:2,Af_telepules:3154,Foto_id:1535,Af_varosNev:1 Decembrie,
Af_id:156,Af_nev:Hotel President****,Af_orszag:2,Af_telepules:3154,Foto_id:1534,Af_varosNev:1 Decembrie,
Af_id:156,Af_nev:Hotel President****,Af_orszag:2,Af_telepules:3154,Foto_id:1533,Af_varosNev:1 Decembrie,
Af_id:156,Af_nev:Hotel President****,Af_orszag:2,Af_telepules:3154,Foto_id:1532,Af_varosNev:1 Decembrie,
Af_id:156,Af_nev:Hotel President****,Af_orszag:2,Af_telepules:3154,Foto_id:1531,Af_varosNev:1 Decembrie,
Af_id:155,Af_nev:HOTEL MARINA***,Af_orszag:1,Af_telepules:175,Foto_id:1518,Af_varosNev:Balatonfüred,
Af_id:155,Af_nev:HOTEL MARINA***,Af_orszag:1,Af_telepules:175,Foto_id:1517,Af_varosNev:Balatonfüred,
Af_id:155,Af_nev:HOTEL MARINA***,Af_orszag:1,Af_telepules:175,Foto_id:1516,Af_varosNev:Balatonfüred,
Af_id:153,Af_nev:Hotel Balmaz,Af_orszag:1,Af_telepules:198,Foto_id:1504,Af_varosNev:Balmazújváros,
Af_id:155,Af_nev:HOTEL MARINA***,Af_orszag:1,Af_telepules:175,Foto_id:1515,Af_varosNev:Balatonfüred,
Af_id:153,Af_nev:Hotel Balmaz,Af_orszag:1,Af_telepules:198,Foto_id:1503,Af_varosNev:Balmazújváros,
Af_id:153,Af_nev:Hotel Balmaz,Af_orszag:1,Af_telepules:198,Foto_id:1502,Af_varosNev:Balmazújváros,
Af_id:155,Af_nev:HOTEL MARINA***,Af_orszag:1,Af_telepules:175,Foto_id:1514,Af_varosNev:Balatonfüred,
Af_id:153,Af_nev:Hotel Balmaz,Af_orszag:1,Af_telepules:198,Foto_id:1501,Af_varosNev:Balmazújváros,
Af_id:153,Af_nev:Hotel Balmaz,Af_orszag:1,Af_telepules:198,Foto_id:1500,Af_varosNev:Balmazújváros,
Af_id:153,Af_nev:Hotel Balmaz,Af_orszag:1,Af_telepules:198,Foto_id:1499,Af_varosNev:Balmazújváros,
Af_id:77,Af_nev:Laroba Hotel,Af_orszag:1,Af_telepules:58,Foto_id:1498,Af_varosNev:Alsóörs,
Af_id:155,Af_nev:HOTEL MARINA***,Af_orszag:1,Af_telepules:175,Foto_id:1513,Af_varosNev:Balatonfüred,
Af_id:155,Af_nev:HOTEL MARINA***,Af_orszag:1,Af_telepules:175,Foto_id:1512,Af_varosNev:Balatonfüred,
Af_id:154,Af_nev:HOTEL ANNABELLA***,Af_orszag:1,Af_telepules:175,Foto_id:1511,Af_varosNev:Balatonfüred,
Af_id:154,Af_nev:HOTEL ANNABELLA***,Af_orszag:1,Af_telepules:175,Foto_id:1510,Af_varosNev:Balatonfüred,
Af_id:118,Af_nev:Evelin Vendégház,Af_orszag:1,Af_telepules:952,Foto_id:1103,Af_varosNev:Hajdúszoboszló,
Af_id:118,Af_nev:Evelin Vendégház,Af_orszag:1,Af_telepules:952,Foto_id:1104,Af_varosNev:Hajdúszoboszló,
Af_id:118,Af_nev:Evelin Vendégház,Af_orszag:1,Af_telepules:952,Foto_id:1105,Af_varosNev:Hajdúszoboszló,
Af_id:118,Af_nev:Evelin Vendégház,Af_orszag:1,Af_telepules:952,Foto_id:1106,Af_varosNev:Hajdúszoboszló,
Af_id:118,Af_nev:Evelin Vendégház,Af_orszag:1,Af_telepules:952,Foto_id:1107,Af_varosNev:Hajdúszoboszló,
Af_id:118,Af_nev:Evelin Vendégház,Af_orszag:1,Af_telepules:952,Foto_id:1108,Af_varosNev:Hajdúszoboszló,
Af_id:118,Af_nev:Evelin Vendégház,Af_orszag:1,Af_telepules:952,Foto_id:1109,Af_varosNev:Hajdúszoboszló,
Af_id:118,Af_nev:Evelin Vendégház,Af_orszag:1,Af_telepules:952,Foto_id:1110,Af_varosNev:Hajdúszoboszló,
Af_id:118,Af_nev:Evelin Vendégház,Af_orszag:1,Af_telepules:952,Foto_id:1111,Af_varosNev:Hajdúszoboszló,
Af_id:118,Af_nev:Evelin Vendégház,Af_orszag:1,Af_telepules:952,Foto_id:1112,Af_varosNev:Hajdúszoboszló,
Af_id:118,Af_nev:Evelin Vendégház,Af_orszag:1,Af_telepules:952,Foto_id:1113,Af_varosNev:Hajdúszoboszló,
Af_id:77,Af_nev:Laroba Hotel,Af_orszag:1,Af_telepules:58,Foto_id:1497,Af_varosNev:Alsóörs,
Af_id:77,Af_nev:Laroba Hotel,Af_orszag:1,Af_telepules:58,Foto_id:1496,Af_varosNev:Alsóörs,
Af_id:77,Af_nev:Laroba Hotel,Af_orszag:1,Af_telepules:58,Foto_id:1495,Af_varosNev:Alsóörs,
Af_id:77,Af_nev:Laroba Hotel,Af_orszag:1,Af_telepules:58,Foto_id:1494,Af_varosNev:Alsóörs,
Af_id:77,Af_nev:Laroba Hotel,Af_orszag:1,Af_telepules:58,Foto_id:1493,Af_varosNev:Alsóörs,
Af_id:77,Af_nev:Laroba Hotel,Af_orszag:1,Af_telepules:58,Foto_id:1492,Af_varosNev:Alsóörs,
Af_id:77,Af_nev:Laroba Hotel,Af_orszag:1,Af_telepules:58,Foto_id:1491,Af_varosNev:Alsóörs,
Af_id:120,Af_nev:Kastély Panzió,Af_orszag:1,Af_telepules:952,Foto_id:1121,Af_varosNev:Hajdúszoboszló,
Af_id:120,Af_nev:Kastély Panzió,Af_orszag:1,Af_telepules:952,Foto_id:1122,Af_varosNev:Hajdúszoboszló,
Af_id:120,Af_nev:Kastély Panzió,Af_orszag:1,Af_telepules:952,Foto_id:1123,Af_varosNev:Hajdúszoboszló,
Af_id:120,Af_nev:Kastély Panzió,Af_orszag:1,Af_telepules:952,Foto_id:1124,Af_varosNev:Hajdúszoboszló,
Af_id:120,Af_nev:Kastély Panzió,Af_orszag:1,Af_telepules:952,Foto_id:1125,Af_varosNev:Hajdúszoboszló,
Af_id:77,Af_nev:Laroba Hotel,Af_orszag:1,Af_telepules:58,Foto_id:1490,Af_varosNev:Alsóörs,
Af_id:77,Af_nev:Laroba Hotel,Af_orszag:1,Af_telepules:58,Foto_id:1489,Af_varosNev:Alsóörs,
Af_id:152,Af_nev:Hotel Atlantis****,Af_orszag:1,Af_telepules:952,Foto_id:1480,Af_varosNev:Hajdúszoboszló,
Af_id:152,Af_nev:Hotel Atlantis****,Af_orszag:1,Af_telepules:952,Foto_id:1479,Af_varosNev:Hajdúszoboszló,
Af_id:152,Af_nev:Hotel Atlantis****,Af_orszag:1,Af_telepules:952,Foto_id:1478,Af_varosNev:Hajdúszoboszló,
Af_id:152,Af_nev:Hotel Atlantis****,Af_orszag:1,Af_telepules:952,Foto_id:1477,Af_varosNev:Hajdúszoboszló,
Af_id:152,Af_nev:Hotel Atlantis****,Af_orszag:1,Af_telepules:952,Foto_id:1476,Af_varosNev:Hajdúszoboszló,
Af_id:152,Af_nev:Hotel Atlantis****,Af_orszag:1,Af_telepules:952,Foto_id:1475,Af_varosNev:Hajdúszoboszló,
Af_id:152,Af_nev:Hotel Atlantis****,Af_orszag:1,Af_telepules:952,Foto_id:1474,Af_varosNev:Hajdúszoboszló,
Af_id:152,Af_nev:Hotel Atlantis****,Af_orszag:1,Af_telepules:952,Foto_id:1473,Af_varosNev:Hajdúszoboszló,
Af_id:152,Af_nev:Hotel Atlantis****,Af_orszag:1,Af_telepules:952,Foto_id:1472,Af_varosNev:Hajdúszoboszló,
Af_id:152,Af_nev:Hotel Atlantis****,Af_orszag:1,Af_telepules:952,Foto_id:1471,Af_varosNev:Hajdúszoboszló,
Af_id:123,Af_nev:Ottó Apartman,Af_orszag:1,Af_telepules:952,Foto_id:1138,Af_varosNev:Hajdúszoboszló,
Af_id:123,Af_nev:Ottó Apartman,Af_orszag:1,Af_telepules:952,Foto_id:1139,Af_varosNev:Hajdúszoboszló,
Af_id:123,Af_nev:Ottó Apartman,Af_orszag:1,Af_telepules:952,Foto_id:1140,Af_varosNev:Hajdúszoboszló,
Af_id:123,Af_nev:Ottó Apartman,Af_orszag:1,Af_telepules:952,Foto_id:1141,Af_varosNev:Hajdúszoboszló,
Af_id:123,Af_nev:Ottó Apartman,Af_orszag:1,Af_telepules:952,Foto_id:1142,Af_varosNev:Hajdúszoboszló,
Af_id:123,Af_nev:Ottó Apartman,Af_orszag:1,Af_telepules:952,Foto_id:1143,Af_varosNev:Hajdúszoboszló,
Af_id:123,Af_nev:Ottó Apartman,Af_orszag:1,Af_telepules:952,Foto_id:1144,Af_varosNev:Hajdúszoboszló,
Af_id:154,Af_nev:HOTEL ANNABELLA***,Af_orszag:1,Af_telepules:175,Foto_id:1509,Af_varosNev:Balatonfüred,
Af_id:154,Af_nev:HOTEL ANNABELLA***,Af_orszag:1,Af_telepules:175,Foto_id:1508,Af_varosNev:Balatonfüred,
Af_id:154,Af_nev:HOTEL ANNABELLA***,Af_orszag:1,Af_telepules:175,Foto_id:1507,Af_varosNev:Balatonfüred,
Af_id:153,Af_nev:Hotel Balmaz,Af_orszag:1,Af_telepules:198,Foto_id:1506,Af_varosNev:Balmazújváros,
Af_id:153,Af_nev:Hotel Balmaz,Af_orszag:1,Af_telepules:198,Foto_id:1505,Af_varosNev:Balmazújváros,
Af_id:152,Af_nev:Hotel Atlantis****,Af_orszag:1,Af_telepules:952,Foto_id:1470,Af_varosNev:Hajdúszoboszló,
Af_id:152,Af_nev:Hotel Atlantis****,Af_orszag:1,Af_telepules:952,Foto_id:1469,Af_varosNev:Hajdúszoboszló,
Af_id:125,Af_nev:Németi Apartmanház,Af_orszag:1,Af_telepules:952,Foto_id:1163,Af_varosNev:Hajdúszoboszló,
Af_id:152,Af_nev:Hotel Atlantis****,Af_orszag:1,Af_telepules:952,Foto_id:1468,Af_varosNev:Hajdúszoboszló,
Af_id:152,Af_nev:Hotel Atlantis****,Af_orszag:1,Af_telepules:952,Foto_id:1467,Af_varosNev:Hajdúszoboszló,
Af_id:152,Af_nev:Hotel Atlantis****,Af_orszag:1,Af_telepules:952,Foto_id:1466,Af_varosNev:Hajdúszoboszló,
Af_id:152,Af_nev:Hotel Atlantis****,Af_orszag:1,Af_telepules:952,Foto_id:1465,Af_varosNev:Hajdúszoboszló,
Af_id:151,Af_nev:Lugas Hotel és Étterem,Af_orszag:1,Af_telepules:1965,Foto_id:1464,Af_varosNev:Nyíregyháza,
Af_id:151,Af_nev:Lugas Hotel és Étterem,Af_orszag:1,Af_telepules:1965,Foto_id:1463,Af_varosNev:Nyíregyháza,
Af_id:125,Af_nev:Németi Apartmanház,Af_orszag:1,Af_telepules:952,Foto_id:1162,Af_varosNev:Hajdúszoboszló,
Af_id:151,Af_nev:Lugas Hotel és Étterem,Af_orszag:1,Af_telepules:1965,Foto_id:1462,Af_varosNev:Nyíregyháza,
Af_id:151,Af_nev:Lugas Hotel és Étterem,Af_orszag:1,Af_telepules:1965,Foto_id:1461,Af_varosNev:Nyíregyháza,
Af_id:125,Af_nev:Németi Apartmanház,Af_orszag:1,Af_telepules:952,Foto_id:1164,Af_varosNev:Hajdúszoboszló,
Af_id:125,Af_nev:Németi Apartmanház,Af_orszag:1,Af_telepules:952,Foto_id:1165,Af_varosNev:Hajdúszoboszló,
Af_id:125,Af_nev:Németi Apartmanház,Af_orszag:1,Af_telepules:952,Foto_id:1166,Af_varosNev:Hajdúszoboszló,
Af_id:125,Af_nev:Németi Apartmanház,Af_orszag:1,Af_telepules:952,Foto_id:1167,Af_varosNev:Hajdúszoboszló,
Af_id:125,Af_nev:Németi Apartmanház,Af_orszag:1,Af_telepules:952,Foto_id:1168,Af_varosNev:Hajdúszoboszló,
Af_id:126,Af_nev:Sunset apartman,Af_orszag:1,Af_telepules:952,Foto_id:1169,Af_varosNev:Hajdúszoboszló,
Af_id:126,Af_nev:Sunset apartman,Af_orszag:1,Af_telepules:952,Foto_id:1170,Af_varosNev:Hajdúszoboszló,
Af_id:126,Af_nev:Sunset apartman,Af_orszag:1,Af_telepules:952,Foto_id:1171,Af_varosNev:Hajdúszoboszló,
Af_id:126,Af_nev:Sunset apartman,Af_orszag:1,Af_telepules:952,Foto_id:1172,Af_varosNev:Hajdúszoboszló,
Af_id:126,Af_nev:Sunset apartman,Af_orszag:1,Af_telepules:952,Foto_id:1173,Af_varosNev:Hajdúszoboszló,
Af_id:126,Af_nev:Sunset apartman,Af_orszag:1,Af_telepules:952,Foto_id:1174,Af_varosNev:Hajdúszoboszló,
Af_id:126,Af_nev:Sunset apartman,Af_orszag:1,Af_telepules:952,Foto_id:1175,Af_varosNev:Hajdúszoboszló,
Af_id:126,Af_nev:Sunset apartman,Af_orszag:1,Af_telepules:952,Foto_id:1176,Af_varosNev:Hajdúszoboszló,
Af_id:126,Af_nev:Sunset apartman,Af_orszag:1,Af_telepules:952,Foto_id:1177,Af_varosNev:Hajdúszoboszló,
Af_id:126,Af_nev:Sunset apartman,Af_orszag:1,Af_telepules:952,Foto_id:1178,Af_varosNev:Hajdúszoboszló,
Af_id:126,Af_nev:Sunset apartman,Af_orszag:1,Af_telepules:952,Foto_id:1179,Af_varosNev:Hajdúszoboszló,
Af_id:126,Af_nev:Sunset apartman,Af_orszag:1,Af_telepules:952,Foto_id:1180,Af_varosNev:Hajdúszoboszló,
Af_id:126,Af_nev:Sunset apartman,Af_orszag:1,Af_telepules:952,Foto_id:1181,Af_varosNev:Hajdúszoboszló,
Af_id:126,Af_nev:Sunset apartman,Af_orszag:1,Af_telepules:952,Foto_id:1182,Af_varosNev:Hajdúszoboszló,
Af_id:151,Af_nev:Lugas Hotel és Étterem,Af_orszag:1,Af_telepules:1965,Foto_id:1460,Af_varosNev:Nyíregyháza,
Af_id:151,Af_nev:Lugas Hotel és Étterem,Af_orszag:1,Af_telepules:1965,Foto_id:1459,Af_varosNev:Nyíregyháza,
Af_id:151,Af_nev:Lugas Hotel és Étterem,Af_orszag:1,Af_telepules:1965,Foto_id:1458,Af_varosNev:Nyíregyháza,
Af_id:151,Af_nev:Lugas Hotel és Étterem,Af_orszag:1,Af_telepules:1965,Foto_id:1457,Af_varosNev:Nyíregyháza,
Af_id:151,Af_nev:Lugas Hotel és Étterem,Af_orszag:1,Af_telepules:1965,Foto_id:1456,Af_varosNev:Nyíregyháza,
Af_id:151,Af_nev:Lugas Hotel és Étterem,Af_orszag:1,Af_telepules:1965,Foto_id:1455,Af_varosNev:Nyíregyháza,
Af_id:150,Af_nev:Cserkeszolo Apartman,Af_orszag:1,Af_telepules:485,Foto_id:1453,Af_varosNev:Cserkeszolo,
Af_id:151,Af_nev:Lugas Hotel és Étterem,Af_orszag:1,Af_telepules:1965,Foto_id:1454,Af_varosNev:Nyíregyháza,
Af_id:150,Af_nev:Cserkeszolo Apartman,Af_orszag:1,Af_telepules:485,Foto_id:1451,Af_varosNev:Cserkeszolo,
Af_id:150,Af_nev:Cserkeszolo Apartman,Af_orszag:1,Af_telepules:485,Foto_id:1450,Af_varosNev:Cserkeszolo,
Af_id:150,Af_nev:Cserkeszolo Apartman,Af_orszag:1,Af_telepules:485,Foto_id:1449,Af_varosNev:Cserkeszolo,
Af_id:150,Af_nev:Cserkeszolo Apartman,Af_orszag:1,Af_telepules:485,Foto_id:1448,Af_varosNev:Cserkeszolo,
Af_id:150,Af_nev:Cserkeszolo Apartman,Af_orszag:1,Af_telepules:485,Foto_id:1447,Af_varosNev:Cserkeszolo,
Af_id:150,Af_nev:Cserkeszolo Apartman,Af_orszag:1,Af_telepules:485,Foto_id:1446,Af_varosNev:Cserkeszolo,
Af_id:150,Af_nev:Cserkeszolo Apartman,Af_orszag:1,Af_telepules:485,Foto_id:1445,Af_varosNev:Cserkeszolo,
Af_id:150,Af_nev:Cserkeszolo Apartman,Af_orszag:1,Af_telepules:485,Foto_id:1444,Af_varosNev:Cserkeszolo,
Af_id:150,Af_nev:Cserkeszolo Apartman,Af_orszag:1,Af_telepules:485,Foto_id:1443,Af_varosNev:Cserkeszolo,
Af_id:150,Af_nev:Cserkeszolo Apartman,Af_orszag:1,Af_telepules:485,Foto_id:1442,Af_varosNev:Cserkeszolo,
Af_id:150,Af_nev:Cserkeszolo Apartman,Af_orszag:1,Af_telepules:485,Foto_id:1441,Af_varosNev:Cserkeszolo,
Af_id:150,Af_nev:Cserkeszolo Apartman,Af_orszag:1,Af_telepules:485,Foto_id:1440,Af_varosNev:Cserkeszolo,
Af_id:149,Af_nev:Corvus Hotel Bük***,Af_orszag:1,Af_telepules:400,Foto_id:1439,Af_varosNev:Bük,
Af_id:149,Af_nev:Corvus Hotel Bük***,Af_orszag:1,Af_telepules:400,Foto_id:1438,Af_varosNev:Bük,
Af_id:149,Af_nev:Corvus Hotel Bük***,Af_orszag:1,Af_telepules:400,Foto_id:1437,Af_varosNev:Bük,
Af_id:130,Af_nev:Hotel Venus Zalakaros,Af_orszag:1,Af_telepules:3094,Foto_id:1206,Af_varosNev:Zalakaros,
Af_id:130,Af_nev:Hotel Venus Zalakaros,Af_orszag:1,Af_telepules:3094,Foto_id:1207,Af_varosNev:Zalakaros,
Af_id:130,Af_nev:Hotel Venus Zalakaros,Af_orszag:1,Af_telepules:3094,Foto_id:1208,Af_varosNev:Zalakaros,
Af_id:130,Af_nev:Hotel Venus Zalakaros,Af_orszag:1,Af_telepules:3094,Foto_id:1209,Af_varosNev:Zalakaros,
Af_id:130,Af_nev:Hotel Venus Zalakaros,Af_orszag:1,Af_telepules:3094,Foto_id:1210,Af_varosNev:Zalakaros,
Af_id:130,Af_nev:Hotel Venus Zalakaros,Af_orszag:1,Af_telepules:3094,Foto_id:1211,Af_varosNev:Zalakaros,
Af_id:130,Af_nev:Hotel Venus Zalakaros,Af_orszag:1,Af_telepules:3094,Foto_id:1212,Af_varosNev:Zalakaros,
Af_id:130,Af_nev:Hotel Venus Zalakaros,Af_orszag:1,Af_telepules:3094,Foto_id:1213,Af_varosNev:Zalakaros,
Af_id:130,Af_nev:Hotel Venus Zalakaros,Af_orszag:1,Af_telepules:3094,Foto_id:1214,Af_varosNev:Zalakaros,
Af_id:130,Af_nev:Hotel Venus Zalakaros,Af_orszag:1,Af_telepules:3094,Foto_id:1215,Af_varosNev:Zalakaros,
Af_id:130,Af_nev:Hotel Venus Zalakaros,Af_orszag:1,Af_telepules:3094,Foto_id:1216,Af_varosNev:Zalakaros,
Af_id:130,Af_nev:Hotel Venus Zalakaros,Af_orszag:1,Af_telepules:3094,Foto_id:1217,Af_varosNev:Zalakaros,
Af_id:130,Af_nev:Hotel Venus Zalakaros,Af_orszag:1,Af_telepules:3094,Foto_id:1218,Af_varosNev:Zalakaros,
Af_id:130,Af_nev:Hotel Venus Zalakaros,Af_orszag:1,Af_telepules:3094,Foto_id:1219,Af_varosNev:Zalakaros,
Af_id:130,Af_nev:Hotel Venus Zalakaros,Af_orszag:1,Af_telepules:3094,Foto_id:1220,Af_varosNev:Zalakaros,
Af_id:130,Af_nev:Hotel Venus Zalakaros,Af_orszag:1,Af_telepules:3094,Foto_id:1221,Af_varosNev:Zalakaros,
Af_id:130,Af_nev:Hotel Venus Zalakaros,Af_orszag:1,Af_telepules:3094,Foto_id:1222,Af_varosNev:Zalakaros,
Af_id:130,Af_nev:Hotel Venus Zalakaros,Af_orszag:1,Af_telepules:3094,Foto_id:1223,Af_varosNev:Zalakaros,
Af_id:130,Af_nev:Hotel Venus Zalakaros,Af_orszag:1,Af_telepules:3094,Foto_id:1224,Af_varosNev:Zalakaros,
Af_id:131,Af_nev:Hotel Aphrodite**** ,Af_orszag:1,Af_telepules:3094,Foto_id:1225,Af_varosNev:Zalakaros,
Af_id:131,Af_nev:Hotel Aphrodite**** ,Af_orszag:1,Af_telepules:3094,Foto_id:1226,Af_varosNev:Zalakaros,
Af_id:131,Af_nev:Hotel Aphrodite**** ,Af_orszag:1,Af_telepules:3094,Foto_id:1227,Af_varosNev:Zalakaros,
Af_id:131,Af_nev:Hotel Aphrodite**** ,Af_orszag:1,Af_telepules:3094,Foto_id:1228,Af_varosNev:Zalakaros,
Af_id:131,Af_nev:Hotel Aphrodite**** ,Af_orszag:1,Af_telepules:3094,Foto_id:1229,Af_varosNev:Zalakaros,
Af_id:131,Af_nev:Hotel Aphrodite**** ,Af_orszag:1,Af_telepules:3094,Foto_id:1230,Af_varosNev:Zalakaros,
Af_id:131,Af_nev:Hotel Aphrodite**** ,Af_orszag:1,Af_telepules:3094,Foto_id:1231,Af_varosNev:Zalakaros,
Af_id:131,Af_nev:Hotel Aphrodite**** ,Af_orszag:1,Af_telepules:3094,Foto_id:1232,Af_varosNev:Zalakaros,
Af_id:131,Af_nev:Hotel Aphrodite**** ,Af_orszag:1,Af_telepules:3094,Foto_id:1233,Af_varosNev:Zalakaros,
Af_id:131,Af_nev:Hotel Aphrodite**** ,Af_orszag:1,Af_telepules:3094,Foto_id:1234,Af_varosNev:Zalakaros,
Af_id:131,Af_nev:Hotel Aphrodite**** ,Af_orszag:1,Af_telepules:3094,Foto_id:1235,Af_varosNev:Zalakaros,
